reader,phase,family,size,metric,htmlPath,sourceSha256,training,holdout,minimum,limit,observedRange,holdoutExceeded,enforcement
"carve","parse","long-line","1024","wall-ms-per-call","","1d50d88d6da1e52a62c31597cdc193c8687bb14b30d458fece762945c1bff78d","[0.033187935855263175,0.029577441860465067]","[0.0299240848214286,0.028447061079545432]","0.029577441860465067","0.033187935855263175","0.003610493994798108","0","observation-only"
"carve","parse","long-line","2048","wall-ms-per-call","","f10587c0eb71fa953876885d41096380656ceba8e75d312327fe1298eafea6a8","[0.05162432750000022,0.048729358173076776]","[0.048348461538461646,0.05083437499999974]","0.048729358173076776","0.05162432750000022","0.002894969326923444","0","observation-only"
"carve","parse","long-line","4096","wall-ms-per-call","","795ba31ff436803eda4fcba6275d1e9c7d2162138cc1af0219b4d7fb935cd865","[0.055918440217391334,0.060742601190476704]","[0.05357324218749978,0.0512724824999998]","0.055918440217391334","0.060742601190476704","0.00482416097308537","0","observation-only"
"carve","parse","long-line","8192","wall-ms-per-call","","a4d05b131c559eabcc1b6ca532456f6c68f0aa37d2f9f00814609d38e9c50603","[0.09800819711538421,0.10790376041666623]","[0.09517318303571491,0.10108112980769263]","0.09800819711538421","0.10790376041666623","0.009895563301282023","0","observation-only"
"djot","parse","long-line","1024","wall-ms-per-call","","1d50d88d6da1e52a62c31597cdc193c8687bb14b30d458fece762945c1bff78d","[0.0444117499999999,0.04430998922413797]","[0.040641651209677505,0.04133784677419359]","0.04430998922413797","0.0444117499999999","0.00010176077586192961","0","observation-only"
"djot","parse","long-line","2048","wall-ms-per-call","","f10587c0eb71fa953876885d41096380656ceba8e75d312327fe1298eafea6a8","[0.06415915000000005,0.06262859687500004]","[0.06005919642857143,0.06013301785714291]","0.06262859687500004","0.06415915000000005","0.0015305531250000143","0","observation-only"
"djot","parse","long-line","4096","wall-ms-per-call","","795ba31ff436803eda4fcba6275d1e9c7d2162138cc1af0219b4d7fb935cd865","[0.10191814423076988,0.10481441145833396]","[0.10469943750000017,0.0968434711538453]","0.10191814423076988","0.10481441145833396","0.0028962672275640866","0","observation-only"
"djot","parse","long-line","8192","wall-ms-per-call","","a4d05b131c559eabcc1b6ca532456f6c68f0aa37d2f9f00814609d38e9c50603","[0.17414796875000071,0.17987077678571342]","[0.18010580357143016,0.1645089609374999]","0.17414796875000071","0.17987077678571342","0.0057228080357127065","1","observation-only"
"commonmark","parse","long-line","1024","wall-ms-per-call","","1d50d88d6da1e52a62c31597cdc193c8687bb14b30d458fece762945c1bff78d","[0.005495993969298253,0.0053267066489361675]","[0.005523615363436129,0.005686249715909093]","0.0053267066489361675","0.005495993969298253","0.00016928732036208555","2","observation-only"
"commonmark","parse","long-line","2048","wall-ms-per-call","","f10587c0eb71fa953876885d41096380656ceba8e75d312327fe1298eafea6a8","[0.010090953629032246,0.00984830954724408]","[0.010386398243801656,0.010148090725806412]","0.00984830954724408","0.010090953629032246","0.0002426440817881667","2","observation-only"
"commonmark","parse","long-line","4096","wall-ms-per-call","","795ba31ff436803eda4fcba6275d1e9c7d2162138cc1af0219b4d7fb935cd865","[0.0190249365530304,0.01903691950757596]","[0.019617690429687418,0.01920113825757572]","0.0190249365530304","0.01903691950757596","0.000011982954545561308","2","observation-only"
"commonmark","parse","long-line","8192","wall-ms-per-call","","a4d05b131c559eabcc1b6ca532456f6c68f0aa37d2f9f00814609d38e9c50603","[0.037348954044117776,0.03721325551470588]","[0.03810380871212088,0.03837001515151514]","0.03721325551470588","0.037348954044117776","0.00013569852941189287","2","observation-only"
"carve","render","long-line","1024","wall-ms-per-call","","1d50d88d6da1e52a62c31597cdc193c8687bb14b30d458fece762945c1bff78d","[0.010046078500000022,0.010061582999999985]","[0.00859317208904109,0.009091319746376824]","0.010046078500000022","0.010061582999999985","0.000015504499999962826","0","observation-only"
"carve","render","long-line","2048","wall-ms-per-call","","f10587c0eb71fa953876885d41096380656ceba8e75d312327fe1298eafea6a8","[0.017877317857142774,0.017907330357142825]","[0.01442569755747132,0.0146175559593023]","0.017877317857142774","0.017907330357142825","0.00003001250000005118","0","observation-only"
"carve","render","long-line","4096","wall-ms-per-call","","795ba31ff436803eda4fcba6275d1e9c7d2162138cc1af0219b4d7fb935cd865","[0.033714935855263216,0.03284834935897443]","[0.026534972656250193,0.02669670345744695]","0.03284834935897443","0.033714935855263216","0.0008665864962887834","0","observation-only"
"carve","render","long-line","8192","wall-ms-per-call","","a4d05b131c559eabcc1b6ca532456f6c68f0aa37d2f9f00814609d38e9c50603","[0.06424222187499992,0.06403076874999983]","[0.050406859999999935,0.05094248999999991]","0.06403076874999983","0.06424222187499992","0.00021145312500009394","0","observation-only"
"djot","render","long-line","1024","wall-ms-per-call","","1d50d88d6da1e52a62c31597cdc193c8687bb14b30d458fece762945c1bff78d","[0.0004968687152225763,0.0004876074941566032]","[0.0006997207610520426,0.0006508494273815716]","0.0004876074941566032","0.0004968687152225763","0.000009261221065973082","2","observation-only"
"djot","render","long-line","2048","wall-ms-per-call","","f10587c0eb71fa953876885d41096380656ceba8e75d312327fe1298eafea6a8","[0.0007903949510113787,0.0008124132553606237]","[0.0011639779445996282,0.0013095818062827211]","0.0007903949510113787","0.0008124132553606237","0.000022018304349244976","2","observation-only"
"djot","render","long-line","4096","wall-ms-per-call","","795ba31ff436803eda4fcba6275d1e9c7d2162138cc1af0219b4d7fb935cd865","[0.0015834622626582342,0.0013961134905133843]","[0.0019830124801901616,0.001989815679650245]","0.0013961134905133843","0.0015834622626582342","0.00018734877214484995","2","observation-only"
"djot","render","long-line","8192","wall-ms-per-call","","a4d05b131c559eabcc1b6ca532456f6c68f0aa37d2f9f00814609d38e9c50603","[0.002488369035785286,0.002486679796222675]","[0.0036086060878962566,0.0035472855878187007]","0.002486679796222675","0.002488369035785286","0.0000016892395626110987","2","observation-only"
"commonmark","render","long-line","1024","wall-ms-per-call","","1d50d88d6da1e52a62c31597cdc193c8687bb14b30d458fece762945c1bff78d","[0.0004920783156237693,0.0004990590818363279]","[0.0006014551767676763,0.0005934620313241564]","0.0004920783156237693","0.0004990590818363279","0.000006980766212558642","2","observation-only"
"commonmark","render","long-line","2048","wall-ms-per-call","","f10587c0eb71fa953876885d41096380656ceba8e75d312327fe1298eafea6a8","[0.000743552504458978,0.0007267971293604637]","[0.0008570441226867725,0.0008733148568435728]","0.0007267971293604637","0.000743552504458978","0.00001675537509851434","2","observation-only"
"commonmark","render","long-line","4096","wall-ms-per-call","","795ba31ff436803eda4fcba6275d1e9c7d2162138cc1af0219b4d7fb935cd865","[0.0011931211832061006,0.0011731356707317079]","[0.0014719383823529346,0.001456237922002322]","0.0011731356707317079","0.0011931211832061006","0.000019985512474392708","2","observation-only"
"commonmark","render","long-line","8192","wall-ms-per-call","","a4d05b131c559eabcc1b6ca532456f6c68f0aa37d2f9f00814609d38e9c50603","[0.0021284374999999936,0.0021148442778716058]","[0.00263131158088237,0.0025737590020576]","0.0021148442778716058","0.0021284374999999936","0.000013593222128387844","2","observation-only"
"carve","html","long-line","1024","wall-ms-per-call","","1d50d88d6da1e52a62c31597cdc193c8687bb14b30d458fece762945c1bff78d","[0.03615134821428571,0.03621561249999995]","[0.03201940312500007,0.032186149038461544]","0.03615134821428571","0.03621561249999995","0.0000642642857142453","0","observation-only"
"carve","html","long-line","2048","wall-ms-per-call","","f10587c0eb71fa953876885d41096380656ceba8e75d312327fe1298eafea6a8","[0.06581249342105248,0.06590566118421075]","[0.06339478124999971,0.06339452187500001]","0.06581249342105248","0.06590566118421075","0.00009316776315826392","0","observation-only"
"carve","html","long-line","4096","wall-ms-per-call","","795ba31ff436803eda4fcba6275d1e9c7d2162138cc1af0219b4d7fb935cd865","[0.12863191874999985,0.12886811250000035]","[0.12392211363636431,0.1246546079545461]","0.12863191874999985","0.12886811250000035","0.0002361937500005018","0","observation-only"
"carve","html","long-line","8192","wall-ms-per-call","","a4d05b131c559eabcc1b6ca532456f6c68f0aa37d2f9f00814609d38e9c50603","[0.2582183999999984,0.25748802499999784]","[0.2460254270833341,0.24726076041666545]","0.25748802499999784","0.2582183999999984","0.0007303750000005604","0","observation-only"
"djot","html","long-line","1024","wall-ms-per-call","","1d50d88d6da1e52a62c31597cdc193c8687bb14b30d458fece762945c1bff78d","[0.050487830000000004,0.050384512499999944]","[0.04763212962962955,0.04633325462962961]","0.050384512499999944","0.050487830000000004","0.00010331750000006079","0","observation-only"
"djot","html","long-line","2048","wall-ms-per-call","","f10587c0eb71fa953876885d41096380656ceba8e75d312327fe1298eafea6a8","[0.07043692013888858,0.06846323355263151]","[0.06396921562499998,0.06389457812500013]","0.06846323355263151","0.07043692013888858","0.001973686586257073","0","observation-only"
"djot","html","long-line","4096","wall-ms-per-call","","795ba31ff436803eda4fcba6275d1e9c7d2162138cc1af0219b4d7fb935cd865","[0.1106051041666672,0.10876721875000032]","[0.1057289531249997,0.10664996874999962]","0.10876721875000032","0.1106051041666672","0.001837885416666879","0","observation-only"
"djot","html","long-line","8192","wall-ms-per-call","","a4d05b131c559eabcc1b6ca532456f6c68f0aa37d2f9f00814609d38e9c50603","[0.2100069583333332,0.21049328125000008]","[0.17398922656250093,0.17473742968750017]","0.2100069583333332","0.21049328125000008","0.00048632291666689254","0","observation-only"
"commonmark","html","long-line","1024","wall-ms-per-call","","1d50d88d6da1e52a62c31597cdc193c8687bb14b30d458fece762945c1bff78d","[0.006064440217391299,0.006015511418269239]","[0.006088156856796107,0.006174274938423637]","0.006015511418269239","0.006064440217391299","0.00004892879912206036","2","observation-only"
"commonmark","html","long-line","2048","wall-ms-per-call","","f10587c0eb71fa953876885d41096380656ceba8e75d312327fe1298eafea6a8","[0.010763025641025622,0.010703571047008573]","[0.011039535635964924,0.0109294222826087]","0.010703571047008573","0.010763025641025622","0.00005945459401704954","2","observation-only"
"commonmark","html","long-line","4096","wall-ms-per-call","","795ba31ff436803eda4fcba6275d1e9c7d2162138cc1af0219b4d7fb935cd865","[0.020689074795081867,0.020307509072580616]","[0.020730704918032763,0.020938164583333217]","0.020307509072580616","0.020689074795081867","0.0003815657225012502","2","observation-only"
"commonmark","html","long-line","8192","wall-ms-per-call","","a4d05b131c559eabcc1b6ca532456f6c68f0aa37d2f9f00814609d38e9c50603","[0.039827972656250044,0.03989327343749993]","[0.04075414314516112,0.04047341330645151]","0.039827972656250044","0.03989327343749993","0.00006530078124988847","2","observation-only"
"carve","parse","unmatched-brackets","16","wall-ms-per-call","","12f21ba49ed8bbc8850176072c0e7a2b89ecdeee90ba4698147e076c2dd75547","[0.0307732576219512,0.03151276718750005]","[0.031779585937499986,0.024533629901960816]","0.0307732576219512","0.03151276718750005","0.0007395095655488466","1","observation-only"
"carve","parse","unmatched-brackets","32","wall-ms-per-call","","df2600282b3ebee094c74fd94eaede80d42221a54f4190fae0dcf1ab589e537e","[0.046702418981481406,0.045047263392857265]","[0.04817356730769235,0.04845759855769234]","0.045047263392857265","0.046702418981481406","0.001655155588624141","2","observation-only"
"carve","parse","unmatched-brackets","64","wall-ms-per-call","","f99e49cef3748198b6da987340f09f568ebc22a400de2d36cc6081bd58d99282","[0.06667490789473693,0.10528436458333286]","[0.06655748026315753,0.08490736249999979]","0.06667490789473693","0.10528436458333286","0.03860945668859593","0","observation-only"
"carve","parse","unmatched-brackets","128","wall-ms-per-call","","316383f09035583355caaf9c5e3c9d2cc44aff1c3e3d3763be495dde4f42d27e","[0.2174838229166672,0.16290325781250026]","[0.14150366666666672,0.13008301249999904]","0.16290325781250026","0.2174838229166672","0.05458056510416695","0","observation-only"
"carve","parse","unmatched-brackets","256","wall-ms-per-call","","bf8bdd21a205543bc3bfefa09ee3042bfcf59078112c7008d95f53d4a53b9e29","[0.1959432142857135,0.33106076562500064]","[0.2433376562499987,0.26805062499999793]","0.1959432142857135","0.33106076562500064","0.13511755133928713","0","observation-only"
"carve","parse","unmatched-brackets","1024","wall-ms-per-call","","57994799a8d3b70f1d85320605a9c1c0fb82ded1d36495cc1529869d42655782","[0.765633656250003,0.796730906250005]","[0.6936281562500071,0.7031188437499907]","0.765633656250003","0.796730906250005","0.031097250000001964","0","observation-only"
"djot","parse","unmatched-brackets","16","wall-ms-per-call","","12f21ba49ed8bbc8850176072c0e7a2b89ecdeee90ba4698147e076c2dd75547","[0.03389896874999998,0.037070033088235255]","[0.0322160657051282,0.0318234484375]","0.03389896874999998","0.037070033088235255","0.0031710643382352743","0","observation-only"
"djot","parse","unmatched-brackets","32","wall-ms-per-call","","df2600282b3ebee094c74fd94eaede80d42221a54f4190fae0dcf1ab589e537e","[0.0347348420138888,0.03572762500000002]","[0.033041029605263283,0.03101653506097565]","0.0347348420138888","0.03572762500000002","0.000992782986111218","0","observation-only"
"djot","parse","unmatched-brackets","64","wall-ms-per-call","","f99e49cef3748198b6da987340f09f568ebc22a400de2d36cc6081bd58d99282","[0.04059917943548346,0.04154640524193557]","[0.04207532083333329,0.03913524999999973]","0.04059917943548346","0.04154640524193557","0.0009472258064521094","1","observation-only"
"djot","parse","unmatched-brackets","128","wall-ms-per-call","","316383f09035583355caaf9c5e3c9d2cc44aff1c3e3d3763be495dde4f42d27e","[0.059745910714285956,0.05570291576086971]","[0.054841470108695244,0.048531906249999895]","0.05570291576086971","0.059745910714285956","0.004042994953416243","0","observation-only"
"djot","parse","unmatched-brackets","256","wall-ms-per-call","","bf8bdd21a205543bc3bfefa09ee3042bfcf59078112c7008d95f53d4a53b9e29","[0.07106542708333387,0.07564273529411777]","[0.07273456597222211,0.07230463541666647]","0.07106542708333387","0.07564273529411777","0.004577308210783906","0","observation-only"
"djot","parse","unmatched-brackets","1024","wall-ms-per-call","","57994799a8d3b70f1d85320605a9c1c0fb82ded1d36495cc1529869d42655782","[0.21710738541666785,0.19244756249999892]","[0.2176999166666652,0.22142166666666677]","0.19244756249999892","0.21710738541666785","0.024659822916668933","2","observation-only"
"commonmark","parse","unmatched-brackets","16","wall-ms-per-call","","12f21ba49ed8bbc8850176072c0e7a2b89ecdeee90ba4698147e076c2dd75547","[0.0015366424293611763,0.0015460900803461054]","[0.0014513067720417657,0.0015244840701219527]","0.0015366424293611763","0.0015460900803461054","0.000009447650984929041","0","observation-only"
"commonmark","parse","unmatched-brackets","32","wall-ms-per-call","","df2600282b3ebee094c74fd94eaede80d42221a54f4190fae0dcf1ab589e537e","[0.0021753608695652196,0.0021860170454545487]","[0.0021390299145299086,0.0021204199152542336]","0.0021753608695652196","0.0021860170454545487","0.00001065617588932909","0","observation-only"
"commonmark","parse","unmatched-brackets","64","wall-ms-per-call","","f99e49cef3748198b6da987340f09f568ebc22a400de2d36cc6081bd58d99282","[0.0032734964005235417,0.0033429886363636613]","[0.0033605702284946436,0.003450523588154279]","0.0032734964005235417","0.0033429886363636613","0.00006949223584011956","2","observation-only"
"commonmark","parse","unmatched-brackets","128","wall-ms-per-call","","316383f09035583355caaf9c5e3c9d2cc44aff1c3e3d3763be495dde4f42d27e","[0.0055002294407894455,0.005641068412162151]","[0.006911918853591133,0.006907011740331488]","0.0055002294407894455","0.005641068412162151","0.00014083897137270526","2","observation-only"
"commonmark","parse","unmatched-brackets","256","wall-ms-per-call","","bf8bdd21a205543bc3bfefa09ee3042bfcf59078112c7008d95f53d4a53b9e29","[0.01010346270161294,0.01040261260330584]","[0.014578314680232544,0.013202748026315709]","0.01010346270161294","0.01040261260330584","0.00029914990169289946","2","observation-only"
"commonmark","parse","unmatched-brackets","1024","wall-ms-per-call","","57994799a8d3b70f1d85320605a9c1c0fb82ded1d36495cc1529869d42655782","[0.03812535984848458,0.03810264583333292]","[0.0505384399999997,0.05158214499999986]","0.03810264583333292","0.03812535984848458","0.000022714015151657774","2","observation-only"
"carve","render","unmatched-brackets","16","wall-ms-per-call","","12f21ba49ed8bbc8850176072c0e7a2b89ecdeee90ba4698147e076c2dd75547","[0.0022385583631484773,0.002197250878734625]","[0.002061615733113671,0.0022750022727272778]","0.002197250878734625","0.0022385583631484773","0.00004130748441385232","1","observation-only"
"carve","render","unmatched-brackets","32","wall-ms-per-call","","df2600282b3ebee094c74fd94eaede80d42221a54f4190fae0dcf1ab589e537e","[0.002279765938069223,0.0022859881170018315]","[0.0023499832001879716,0.002217312832446814]","0.002279765938069223","0.0022859881170018315","0.000006222178932608485","1","observation-only"
"carve","render","unmatched-brackets","64","wall-ms-per-call","","f99e49cef3748198b6da987340f09f568ebc22a400de2d36cc6081bd58d99282","[0.002299181755514716,0.0021669514731369197]","[0.0021702454427083356,0.002266374547101435]","0.0021669514731369197","0.002299181755514716","0.00013223028237779617","0","observation-only"
"carve","render","unmatched-brackets","128","wall-ms-per-call","","316383f09035583355caaf9c5e3c9d2cc44aff1c3e3d3763be495dde4f42d27e","[0.002252479729729719,0.0021336192406143234]","[0.0021931114035087704,0.002269316810344817]","0.0021336192406143234","0.002252479729729719","0.00011886048911539547","1","observation-only"
"carve","render","unmatched-brackets","256","wall-ms-per-call","","bf8bdd21a205543bc3bfefa09ee3042bfcf59078112c7008d95f53d4a53b9e29","[0.0022741043181818037,0.002063332920792068]","[0.0021166464678510958,0.0024415079345702917]","0.002063332920792068","0.0022741043181818037","0.0002107713973897355","1","observation-only"
"carve","render","unmatched-brackets","1024","wall-ms-per-call","","57994799a8d3b70f1d85320605a9c1c0fb82ded1d36495cc1529869d42655782","[0.002452380759803911,0.0021752367391304293]","[0.002208536660777369,0.0022876708180987098]","0.0021752367391304293","0.002452380759803911","0.0002771440206734816","0","observation-only"
"djot","render","unmatched-brackets","16","wall-ms-per-call","","12f21ba49ed8bbc8850176072c0e7a2b89ecdeee90ba4698147e076c2dd75547","[0.00020171177585928698,0.00018197936380841484]","[0.0001894246097893619,0.00021307047895005962]","0.00018197936380841484","0.00020171177585928698","0.000019732412050872135","1","observation-only"
"djot","render","unmatched-brackets","32","wall-ms-per-call","","df2600282b3ebee094c74fd94eaede80d42221a54f4190fae0dcf1ab589e537e","[0.0002146663661342953,0.00021382351180294175]","[0.0002362589893214887,0.00021072603042818547]","0.00021382351180294175","0.0002146663661342953","8.428543313535486e-7","1","observation-only"
"djot","render","unmatched-brackets","64","wall-ms-per-call","","f99e49cef3748198b6da987340f09f568ebc22a400de2d36cc6081bd58d99282","[0.00024230552190347208,0.00024662382866443033]","[0.0001996002913939003,0.00020145914585012066]","0.00024230552190347208","0.00024662382866443033","0.000004318306760958251","0","observation-only"
"djot","render","unmatched-brackets","128","wall-ms-per-call","","316383f09035583355caaf9c5e3c9d2cc44aff1c3e3d3763be495dde4f42d27e","[0.00022882112621270534,0.00020798830074875393]","[0.00020519559463230545,0.00022551966444163846]","0.00020798830074875393","0.00022882112621270534","0.000020832825463951404","0","observation-only"
"djot","render","unmatched-brackets","256","wall-ms-per-call","","bf8bdd21a205543bc3bfefa09ee3042bfcf59078112c7008d95f53d4a53b9e29","[0.00025348465379156646,0.00021926061217330333]","[0.00026233450944385925,0.0002543421668362148]","0.00021926061217330333","0.00025348465379156646","0.00003422404161826313","2","observation-only"
"djot","render","unmatched-brackets","1024","wall-ms-per-call","","57994799a8d3b70f1d85320605a9c1c0fb82ded1d36495cc1529869d42655782","[0.00029263209562266053,0.0003090371909765165]","[0.0003109506374378098,0.00032063218132854674]","0.00029263209562266053","0.0003090371909765165","0.000016405095353855985","2","observation-only"
"commonmark","render","unmatched-brackets","16","wall-ms-per-call","","12f21ba49ed8bbc8850176072c0e7a2b89ecdeee90ba4698147e076c2dd75547","[0.0012561822289156642,0.0012532626503006035]","[0.0013444469758064532,0.0012647663675429731]","0.0012532626503006035","0.0012561822289156642","0.000002919578615060694","2","observation-only"
"commonmark","render","unmatched-brackets","32","wall-ms-per-call","","df2600282b3ebee094c74fd94eaede80d42221a54f4190fae0dcf1ab589e537e","[0.0022326845982142884,0.0022103840547703204]","[0.0024168087596525153,0.002282477189781017]","0.0022103840547703204","0.0022326845982142884","0.00002230054344396805","2","observation-only"
"commonmark","render","unmatched-brackets","64","wall-ms-per-call","","f99e49cef3748198b6da987340f09f568ebc22a400de2d36cc6081bd58d99282","[0.004164385382059811,0.004131590552805277]","[0.004414174515845089,0.004165772009966781]","0.004131590552805277","0.004164385382059811","0.000032794829254534016","2","observation-only"
"commonmark","render","unmatched-brackets","128","wall-ms-per-call","","316383f09035583355caaf9c5e3c9d2cc44aff1c3e3d3763be495dde4f42d27e","[0.008213756944444471,0.00798745461783439]","[0.008270302220394791,0.008160135957792216]","0.00798745461783439","0.008213756944444471","0.00022630232661008214","1","observation-only"
"commonmark","render","unmatched-brackets","256","wall-ms-per-call","","bf8bdd21a205543bc3bfefa09ee3042bfcf59078112c7008d95f53d4a53b9e29","[0.015699785156249924,0.01572389375000007]","[0.015982669303797457,0.015677827343750117]","0.015699785156249924","0.01572389375000007","0.000024108593750148122","1","observation-only"
"commonmark","render","unmatched-brackets","1024","wall-ms-per-call","","57994799a8d3b70f1d85320605a9c1c0fb82ded1d36495cc1529869d42655782","[0.06417391562500044,0.06459830624999938]","[0.06274061562500037,0.060649735119048115]","0.06417391562500044","0.06459830624999938","0.0004243906249989382","0","observation-only"
"carve","html","unmatched-brackets","16","wall-ms-per-call","","12f21ba49ed8bbc8850176072c0e7a2b89ecdeee90ba4698147e076c2dd75547","[0.0627856781250001,0.06393302187500005]","[0.054991671875000016,0.04400191810344833]","0.0627856781250001","0.06393302187500005","0.0011473437499999461","0","observation-only"
"carve","html","unmatched-brackets","32","wall-ms-per-call","","df2600282b3ebee094c74fd94eaede80d42221a54f4190fae0dcf1ab589e537e","[0.08391317083333358,0.09007847767857109]","[0.07115952777777758,0.08501304583333345]","0.08391317083333358","0.09007847767857109","0.006165306845237514","0","observation-only"
"carve","html","unmatched-brackets","64","wall-ms-per-call","","f99e49cef3748198b6da987340f09f568ebc22a400de2d36cc6081bd58d99282","[0.12390330681818153,0.12109598295454563]","[0.08551357083333358,0.0898336696428562]","0.12109598295454563","0.12390330681818153","0.0028073238636358994","0","observation-only"
"carve","html","unmatched-brackets","128","wall-ms-per-call","","316383f09035583355caaf9c5e3c9d2cc44aff1c3e3d3763be495dde4f42d27e","[0.16315122656250125,0.21497587500000037]","[0.16454224218749935,0.16423520312499917]","0.16315122656250125","0.21497587500000037","0.05182464843749912","0","observation-only"
"carve","html","unmatched-brackets","256","wall-ms-per-call","","bf8bdd21a205543bc3bfefa09ee3042bfcf59078112c7008d95f53d4a53b9e29","[0.2214358333333332,0.42558541666666844]","[0.22396424999999928,0.2735742375000001]","0.2214358333333332","0.42558541666666844","0.20414958333333524","0","observation-only"
"carve","html","unmatched-brackets","1024","wall-ms-per-call","","57994799a8d3b70f1d85320605a9c1c0fb82ded1d36495cc1529869d42655782","[0.8237789062499985,0.9396784062499961]","[0.8725888750000053,0.9226158437500018]","0.8237789062499985","0.9396784062499961","0.1158994999999976","0","observation-only"
"djot","html","unmatched-brackets","16","wall-ms-per-call","","12f21ba49ed8bbc8850176072c0e7a2b89ecdeee90ba4698147e076c2dd75547","[0.03588982142857142,0.03479548958333329]","[0.03431689864864866,0.03493464583333328]","0.03479548958333329","0.03588982142857142","0.0010943318452381265","0","observation-only"
"djot","html","unmatched-brackets","32","wall-ms-per-call","","df2600282b3ebee094c74fd94eaede80d42221a54f4190fae0dcf1ab589e537e","[0.0397782109375,0.04056728427419368]","[0.03428064358108103,0.037368520220588286]","0.0397782109375","0.04056728427419368","0.0007890733366936742","0","observation-only"
"djot","html","unmatched-brackets","64","wall-ms-per-call","","f99e49cef3748198b6da987340f09f568ebc22a400de2d36cc6081bd58d99282","[0.04384472413793092,0.04640092592592598]","[0.041196370967741945,0.039256419921874786]","0.04384472413793092","0.04640092592592598","0.002556201787995059","0","observation-only"
"djot","html","unmatched-brackets","128","wall-ms-per-call","","316383f09035583355caaf9c5e3c9d2cc44aff1c3e3d3763be495dde4f42d27e","[0.06840328618421072,0.053287776041666866]","[0.05359030468749992,0.05679234782608697]","0.053287776041666866","0.06840328618421072","0.015115510142543857","0","observation-only"
"djot","html","unmatched-brackets","256","wall-ms-per-call","","bf8bdd21a205543bc3bfefa09ee3042bfcf59078112c7008d95f53d4a53b9e29","[0.09854558173076865,0.07977977343750009]","[0.07848683593750039,0.07822475390624994]","0.07977977343750009","0.09854558173076865","0.018765808293268557","0","observation-only"
"djot","html","unmatched-brackets","1024","wall-ms-per-call","","57994799a8d3b70f1d85320605a9c1c0fb82ded1d36495cc1529869d42655782","[0.21329020833333345,0.18864997321428437]","[0.21600151041666749,0.250919725]","0.18864997321428437","0.21329020833333345","0.024640235119049086","2","observation-only"
"commonmark","html","unmatched-brackets","16","wall-ms-per-call","","12f21ba49ed8bbc8850176072c0e7a2b89ecdeee90ba4698147e076c2dd75547","[0.002937354019953052,0.0029384577464788724]","[0.0029054823085846856,0.0030027378597122303]","0.002937354019953052","0.0029384577464788724","0.0000011037265258205357","1","observation-only"
"commonmark","html","unmatched-brackets","32","wall-ms-per-call","","df2600282b3ebee094c74fd94eaede80d42221a54f4190fae0dcf1ab589e537e","[0.0046188784594096005,0.004506161645683454]","[0.004530049139492746,0.004679391091417895]","0.004506161645683454","0.0046188784594096005","0.00011271681372614691","1","observation-only"
"commonmark","html","unmatched-brackets","64","wall-ms-per-call","","f99e49cef3748198b6da987340f09f568ebc22a400de2d36cc6081bd58d99282","[0.007739637345679022,0.0076269127286585315]","[0.007813544921874981,0.008102698387096778]","0.0076269127286585315","0.007739637345679022","0.00011272461702049007","2","observation-only"
"commonmark","html","unmatched-brackets","128","wall-ms-per-call","","316383f09035583355caaf9c5e3c9d2cc44aff1c3e3d3763be495dde4f42d27e","[0.014000762500000026,0.013704252038043523]","[0.0158329375,0.015248596036585474]","0.013704252038043523","0.014000762500000026","0.0002965104619565024","2","observation-only"
"commonmark","html","unmatched-brackets","256","wall-ms-per-call","","bf8bdd21a205543bc3bfefa09ee3042bfcf59078112c7008d95f53d4a53b9e29","[0.026547651041666676,0.02634753515625003]","[0.0301724642857141,0.03210323557692327]","0.02634753515625003","0.026547651041666676","0.00020011588541664696","2","observation-only"
"commonmark","html","unmatched-brackets","1024","wall-ms-per-call","","57994799a8d3b70f1d85320605a9c1c0fb82ded1d36495cc1529869d42655782","[0.10126858653846135,0.10134391826923114]","[0.12026774999999904,0.12194759659091016]","0.10126858653846135","0.10134391826923114","0.00007533173076978983","2","observation-only"
"carve","parse","unmatched-closers","1024","wall-ms-per-call","","5825d0f16b11c7cad342c7f0fbd0f198a703d2bcec2ed6697b52d6b06e1af51e","[0.38513571874999997,0.49656093749999997]","[0.37933573437499923,0.3777050156249997]","0.38513571874999997","0.49656093749999997","0.11142521875","0","observation-only"
"carve","parse","unmatched-closers","2048","wall-ms-per-call","","f8826e0c3843a8f08e5927f32d9915a193c6e0a791bdc6fcdce90e906a4616bf","[0.8763978437500022,0.9173457500000026]","[0.8800235000000001,0.8582346562500014]","0.8763978437500022","0.9173457500000026","0.04094790625000044","0","observation-only"
"carve","parse","unmatched-closers","4096","wall-ms-per-call","","9da39c9ca231378dbbf0bf1c2944812a8f593e62ff4d479f3306816b068af744","[1.651956124999998,1.8191899374999991]","[1.72275362500001,2.030392374999991]","1.651956124999998","1.8191899374999991","0.16723381250000102","1","observation-only"
"carve","parse","unmatched-closers","8192","wall-ms-per-call","","c7e5055d547d8b2b8eed8efff345bbd460e4488eb678ccc5e364973e46fc0b1a","[2.9833419375000005,3.37370712500001]","[3.018246000000005,3.315965874999989]","2.9833419375000005","3.37370712500001","0.39036518750000937","0","observation-only"
"djot","parse","unmatched-closers","1024","wall-ms-per-call","","5825d0f16b11c7cad342c7f0fbd0f198a703d2bcec2ed6697b52d6b06e1af51e","[0.1616906562499998,0.15987795312500008]","[0.1591197656250003,0.1458941319444445]","0.15987795312500008","0.1616906562499998","0.0018127031249997039","0","observation-only"
"djot","parse","unmatched-closers","2048","wall-ms-per-call","","f8826e0c3843a8f08e5927f32d9915a193c6e0a791bdc6fcdce90e906a4616bf","[0.2901023374999994,0.324490015624999]","[0.27669029999999994,0.3230597343750006]","0.2901023374999994","0.324490015624999","0.0343876781249996","0","observation-only"
"djot","parse","unmatched-closers","4096","wall-ms-per-call","","9da39c9ca231378dbbf0bf1c2944812a8f593e62ff4d479f3306816b068af744","[0.46751112500000147,0.47163429166667]","[0.49529075000000233,0.4772743125000005]","0.46751112500000147","0.47163429166667","0.00412316666666851","2","observation-only"
"djot","parse","unmatched-closers","8192","wall-ms-per-call","","c7e5055d547d8b2b8eed8efff345bbd460e4488eb678ccc5e364973e46fc0b1a","[0.9561334375000001,0.9185132812500001]","[0.898901875,0.8822515000000024]","0.9185132812500001","0.9561334375000001","0.037620156250000036","0","observation-only"
"commonmark","parse","unmatched-closers","1024","wall-ms-per-call","","5825d0f16b11c7cad342c7f0fbd0f198a703d2bcec2ed6697b52d6b06e1af51e","[0.02914899273255814,0.029252414244186016]","[0.034485368243243275,0.03932095454545463]","0.02914899273255814","0.029252414244186016","0.00010342151162787486","2","observation-only"
"commonmark","parse","unmatched-closers","2048","wall-ms-per-call","","f8826e0c3843a8f08e5927f32d9915a193c6e0a791bdc6fcdce90e906a4616bf","[0.05687688636363639,0.056628377717391334]","[0.07842610156250007,0.07935192578124983]","0.056628377717391334","0.05687688636363639","0.0002485086462450589","2","observation-only"
"commonmark","parse","unmatched-closers","4096","wall-ms-per-call","","9da39c9ca231378dbbf0bf1c2944812a8f593e62ff4d479f3306816b068af744","[0.10969114062500059,0.110617515625]","[0.16008104861111072,0.1596191093750008]","0.10969114062500059","0.110617515625","0.0009263749999994103","2","observation-only"
"commonmark","parse","unmatched-closers","8192","wall-ms-per-call","","c7e5055d547d8b2b8eed8efff345bbd460e4488eb678ccc5e364973e46fc0b1a","[0.22733368749999983,0.22486091666666871]","[0.3285013437499984,0.3210766562499998]","0.22486091666666871","0.22733368749999983","0.0024727708333311116","2","observation-only"
"carve","render","unmatched-closers","1024","wall-ms-per-call","","5825d0f16b11c7cad342c7f0fbd0f198a703d2bcec2ed6697b52d6b06e1af51e","[0.002300107077205881,0.002139446794871799]","[0.002217455784574472,0.0021838912521815047]","0.002139446794871799","0.002300107077205881","0.00016066028233408186","0","observation-only"
"carve","render","unmatched-closers","2048","wall-ms-per-call","","f8826e0c3843a8f08e5927f32d9915a193c6e0a791bdc6fcdce90e906a4616bf","[0.0023782263545627305,0.002437060428849898]","[0.002295516309306578,0.0023992411228406824]","0.0023782263545627305","0.002437060428849898","0.00005883407428716736","0","observation-only"
"carve","render","unmatched-closers","4096","wall-ms-per-call","","9da39c9ca231378dbbf0bf1c2944812a8f593e62ff4d479f3306816b068af744","[0.0022839624771897604,0.0023683854166666623]","[0.002433028818093386,0.002339335864485983]","0.0022839624771897604","0.0023683854166666623","0.00008442293947690188","1","observation-only"
"carve","render","unmatched-closers","8192","wall-ms-per-call","","c7e5055d547d8b2b8eed8efff345bbd460e4488eb678ccc5e364973e46fc0b1a","[0.00252687234848485,0.0028004305089485474]","[0.0026221159591194782,0.002662652659574467]","0.00252687234848485","0.0028004305089485474","0.0002735581604636976","0","observation-only"
"djot","render","unmatched-closers","1024","wall-ms-per-call","","5825d0f16b11c7cad342c7f0fbd0f198a703d2bcec2ed6697b52d6b06e1af51e","[0.00030066875601250567,0.00024141737881421395]","[0.0002946171488333726,0.00030370159135082657]","0.00024141737881421395","0.00030066875601250567","0.00005925137719829172","1","observation-only"
"djot","render","unmatched-closers","2048","wall-ms-per-call","","f8826e0c3843a8f08e5927f32d9915a193c6e0a791bdc6fcdce90e906a4616bf","[0.00032218584085051585,0.0003225867096774187]","[0.00042272839871491426,0.0004133851273148166]","0.00032218584085051585","0.0003225867096774187","4.008688269028474e-7","2","observation-only"
"djot","render","unmatched-closers","4096","wall-ms-per-call","","9da39c9ca231378dbbf0bf1c2944812a8f593e62ff4d479f3306816b068af744","[0.0005376383064516153,0.0005286258192389004]","[0.0006207936010427015,0.0005967507756563228]","0.0005286258192389004","0.0005376383064516153","0.000009012487212714916","2","observation-only"
"djot","render","unmatched-closers","8192","wall-ms-per-call","","c7e5055d547d8b2b8eed8efff345bbd460e4488eb678ccc5e364973e46fc0b1a","[0.0014230432309442565,0.0006717005642127875]","[0.0011295217366756986,0.0011084237588652526]","0.0006717005642127875","0.0014230432309442565","0.000751342666731469","0","observation-only"
"commonmark","render","unmatched-closers","1024","wall-ms-per-call","","5825d0f16b11c7cad342c7f0fbd0f198a703d2bcec2ed6697b52d6b06e1af51e","[0.06911139473684227,0.0703527673611111]","[0.06481594062500004,0.0672284901315789]","0.06911139473684227","0.0703527673611111","0.0012413726242688217","0","observation-only"
"commonmark","render","unmatched-closers","2048","wall-ms-per-call","","f8826e0c3843a8f08e5927f32d9915a193c6e0a791bdc6fcdce90e906a4616bf","[0.1450395208333338,0.14444117361111117]","[0.13424414375,0.1350638250000003]","0.14444117361111117","0.1450395208333338","0.0005983472222226283","0","observation-only"
"commonmark","render","unmatched-closers","4096","wall-ms-per-call","","9da39c9ca231378dbbf0bf1c2944812a8f593e62ff4d479f3306816b068af744","[0.2891438000000022,0.2762497999999994]","[0.28565769999999874,0.2868384375000005]","0.2762497999999994","0.2891438000000022","0.012894000000002848","0","observation-only"
"commonmark","render","unmatched-closers","8192","wall-ms-per-call","","c7e5055d547d8b2b8eed8efff345bbd460e4488eb678ccc5e364973e46fc0b1a","[0.548332666666667,0.5694807708333371]","[0.6342852187500014,0.6099153958333355]","0.548332666666667","0.5694807708333371","0.021148104166670123","2","observation-only"
"carve","html","unmatched-closers","1024","wall-ms-per-call","","5825d0f16b11c7cad342c7f0fbd0f198a703d2bcec2ed6697b52d6b06e1af51e","[0.014857472058823535,0.015092088102409617]","[0.014508864942528751,0.01449390948275862]","0.014857472058823535","0.015092088102409617","0.00023461604358608265","0","observation-only"
"carve","html","unmatched-closers","2048","wall-ms-per-call","","f8826e0c3843a8f08e5927f32d9915a193c6e0a791bdc6fcdce90e906a4616bf","[0.027957497222222273,0.028067813888888953]","[0.026939611702127702,0.027213722826087004]","0.027957497222222273","0.028067813888888953","0.00011031666666667939","0","observation-only"
"carve","html","unmatched-closers","4096","wall-ms-per-call","","9da39c9ca231378dbbf0bf1c2944812a8f593e62ff4d479f3306816b068af744","[0.053390098958333056,0.05347984895833354]","[0.051857514999999806,0.051792332499999816]","0.053390098958333056","0.05347984895833354","0.00008975000000048527","0","observation-only"
"carve","html","unmatched-closers","8192","wall-ms-per-call","","c7e5055d547d8b2b8eed8efff345bbd460e4488eb678ccc5e364973e46fc0b1a","[0.10451270833333363,0.105178848958334]","[0.10203902403846143,0.09791107211538456]","0.10451270833333363","0.105178848958334","0.0006661406250003665","0","observation-only"
"djot","html","unmatched-closers","1024","wall-ms-per-call","","5825d0f16b11c7cad342c7f0fbd0f198a703d2bcec2ed6697b52d6b06e1af51e","[0.16537148437500004,0.1643953515625003]","[0.16106521093750015,0.1799584375000001]","0.1643953515625003","0.16537148437500004","0.0009761328124997526","1","observation-only"
"djot","html","unmatched-closers","2048","wall-ms-per-call","","f8826e0c3843a8f08e5927f32d9915a193c6e0a791bdc6fcdce90e906a4616bf","[0.2998505375000008,0.34605785937499967]","[0.31755660937499997,0.2791394249999996]","0.2998505375000008","0.34605785937499967","0.046207321874998875","0","observation-only"
"djot","html","unmatched-closers","4096","wall-ms-per-call","","9da39c9ca231378dbbf0bf1c2944812a8f593e62ff4d479f3306816b068af744","[0.48676481250000353,0.48404889583333005]","[0.5042182708333343,0.4979115208333364]","0.48404889583333005","0.48676481250000353","0.002715916666673479","2","observation-only"
"djot","html","unmatched-closers","8192","wall-ms-per-call","","c7e5055d547d8b2b8eed8efff345bbd460e4488eb678ccc5e364973e46fc0b1a","[0.8544944687500049,0.9004539999999963]","[0.9098032187499996,0.9564162187500003]","0.8544944687500049","0.9004539999999963","0.045959531249991414","2","observation-only"
"commonmark","html","unmatched-closers","1024","wall-ms-per-call","","5825d0f16b11c7cad342c7f0fbd0f198a703d2bcec2ed6697b52d6b06e1af51e","[0.09996512500000011,0.1085624583333334]","[0.10840671875000012,0.10601475520833355]","0.09996512500000011","0.1085624583333334","0.00859733333333329","0","observation-only"
"commonmark","html","unmatched-closers","2048","wall-ms-per-call","","f8826e0c3843a8f08e5927f32d9915a193c6e0a791bdc6fcdce90e906a4616bf","[0.21886350000000002,0.2028931875000006]","[0.21619440625000053,0.2148939895833332]","0.2028931875000006","0.21886350000000002","0.015970312499999417","0","observation-only"
"commonmark","html","unmatched-closers","4096","wall-ms-per-call","","9da39c9ca231378dbbf0bf1c2944812a8f593e62ff4d479f3306816b068af744","[0.3999263281250016,0.4019122500000023]","[0.4388436875000015,0.4356198958333361]","0.3999263281250016","0.4019122500000023","0.0019859218750006846","2","observation-only"
"commonmark","html","unmatched-closers","8192","wall-ms-per-call","","c7e5055d547d8b2b8eed8efff345bbd460e4488eb678ccc5e364973e46fc0b1a","[0.7860739687500029,0.7834151874999975]","[0.8841913125000005,0.8733542812500019]","0.7834151874999975","0.7860739687500029","0.0026587812500054042","2","observation-only"
"carve","parse","unclosed-code","1024","wall-ms-per-call","","f13e040fee457468364d9cd34ff3a289186910fd3f553a8af8c93316c8189005","[0.05480494565217381,0.05371667708333335]","[0.0505738199999999,0.050838999999999995]","0.05371667708333335","0.05480494565217381","0.0010882685688404573","0","observation-only"
"carve","parse","unclosed-code","2048","wall-ms-per-call","","4d94ac414021d3abf92dedfec4ff74816b7c6ae8ed896b87ac3818f9161bfea2","[0.09781834134615398,0.09708774038461544]","[0.08875793333333348,0.0894042857142858]","0.09708774038461544","0.09781834134615398","0.0007306009615385411","0","observation-only"
"carve","parse","unclosed-code","4096","wall-ms-per-call","","a19f936292497cf0bb996d4a52bb767ef68557cfc1b8495f8e44657f7abe90c7","[0.14912162500000015,0.14697064583333327]","[0.13063389375000015,0.1344432624999996]","0.14697064583333327","0.14912162500000015","0.002150979166666872","0","observation-only"
"carve","parse","unclosed-code","8192","wall-ms-per-call","","39a6bf41d598229bedbd8f08e1fe30abc9a6d8737a3a11fe2c7e4fd95b51aab6","[0.27768635000000186,0.28092232499999736]","[0.2502141874999978,0.24871761458333452]","0.27768635000000186","0.28092232499999736","0.0032359749999955056","0","observation-only"
"djot","parse","unclosed-code","1024","wall-ms-per-call","","f13e040fee457468364d9cd34ff3a289186910fd3f553a8af8c93316c8189005","[0.056142133152173895,0.05035470249999989]","[0.05480848913043469,0.05212548697916667]","0.05035470249999989","0.056142133152173895","0.005787430652174005","0","observation-only"
"djot","parse","unclosed-code","2048","wall-ms-per-call","","4d94ac414021d3abf92dedfec4ff74816b7c6ae8ed896b87ac3818f9161bfea2","[0.07584547058823557,0.07229147916666692]","[0.06863013815789475,0.06997321875000001]","0.07229147916666692","0.07584547058823557","0.0035539914215686474","0","observation-only"
"djot","parse","unclosed-code","4096","wall-ms-per-call","","a19f936292497cf0bb996d4a52bb767ef68557cfc1b8495f8e44657f7abe90c7","[0.11019625000000073,0.10837888020833357]","[0.11720059090909145,0.10942079166666711]","0.10837888020833357","0.11019625000000073","0.0018173697916671616","1","observation-only"
"djot","parse","unclosed-code","8192","wall-ms-per-call","","39a6bf41d598229bedbd8f08e1fe30abc9a6d8737a3a11fe2c7e4fd95b51aab6","[0.19316049107142824,0.19734596428571446]","[0.21083992708333218,0.1855092767857148]","0.19316049107142824","0.19734596428571446","0.004185473214286223","1","observation-only"
"commonmark","parse","unclosed-code","1024","wall-ms-per-call","","f13e040fee457468364d9cd34ff3a289186910fd3f553a8af8c93316c8189005","[0.009320514814814794,0.009302629629629607]","[0.009118236865942021,0.00928423749999999]","0.009302629629629607","0.009320514814814794","0.0000178851851851871","0","observation-only"
"commonmark","parse","unclosed-code","2048","wall-ms-per-call","","4d94ac414021d3abf92dedfec4ff74816b7c6ae8ed896b87ac3818f9161bfea2","[0.01717644777397261,0.017004708614864823]","[0.016560217927631626,0.016659862664473647]","0.017004708614864823","0.01717644777397261","0.0001717391591077866","0","observation-only"
"commonmark","parse","unclosed-code","4096","wall-ms-per-call","","a19f936292497cf0bb996d4a52bb767ef68557cfc1b8495f8e44657f7abe90c7","[0.03277550160256427,0.03271983653846178]","[0.031852192187499996,0.03186341562500026]","0.03271983653846178","0.03277550160256427","0.00005566506410249056","0","observation-only"
"commonmark","parse","unclosed-code","8192","wall-ms-per-call","","39a6bf41d598229bedbd8f08e1fe30abc9a6d8737a3a11fe2c7e4fd95b51aab6","[0.06429635625000003,0.06460966562500019]","[0.06320939062499989,0.06233367261904732]","0.06429635625000003","0.06460966562500019","0.00031330937500015366","0","observation-only"
"carve","render","unclosed-code","1024","wall-ms-per-call","","f13e040fee457468364d9cd34ff3a289186910fd3f553a8af8c93316c8189005","[0.010446767708333334,0.01063389724576271]","[0.009029479316546745,0.008441793204698]","0.010446767708333334","0.01063389724576271","0.00018712953742937646","0","observation-only"
"carve","render","unclosed-code","2048","wall-ms-per-call","","4d94ac414021d3abf92dedfec4ff74816b7c6ae8ed896b87ac3818f9161bfea2","[0.01790148928571428,0.018064881249999994]","[0.014557453488372035,0.015167352409638558]","0.01790148928571428","0.018064881249999994","0.00016339196428571262","0","observation-only"
"carve","render","unclosed-code","4096","wall-ms-per-call","","a19f936292497cf0bb996d4a52bb767ef68557cfc1b8495f8e44657f7abe90c7","[0.033870728040540525,0.03313260855263161]","[0.026438132812499997,0.02640410026041658]","0.03313260855263161","0.033870728040540525","0.000738119487908917","0","observation-only"
"carve","render","unclosed-code","8192","wall-ms-per-call","","39a6bf41d598229bedbd8f08e1fe30abc9a6d8737a3a11fe2c7e4fd95b51aab6","[0.06330189375000046,0.06372346875000048]","[0.05040992249999988,0.051405512500000444]","0.06330189375000046","0.06372346875000048","0.00042157500000002124","0","observation-only"
"djot","render","unclosed-code","1024","wall-ms-per-call","","f13e040fee457468364d9cd34ff3a289186910fd3f553a8af8c93316c8189005","[0.0005674582103949168,0.0005541710992907813]","[0.0007211425893886971,0.0007141485936607654]","0.0005541710992907813","0.0005674582103949168","0.000013287111104135505","2","observation-only"
"djot","render","unclosed-code","2048","wall-ms-per-call","","4d94ac414021d3abf92dedfec4ff74816b7c6ae8ed896b87ac3818f9161bfea2","[0.0010231773731587523,0.0008476823305084757]","[0.0012103760285575981,0.001410191234498314]","0.0008476823305084757","0.0010231773731587523","0.00017549504265027655","2","observation-only"
"djot","render","unclosed-code","4096","wall-ms-per-call","","a19f936292497cf0bb996d4a52bb767ef68557cfc1b8495f8e44657f7abe90c7","[0.0014418437860438218,0.0013676254102844684]","[0.0020306257102272666,0.0019241462500000004]","0.0013676254102844684","0.0014418437860438218","0.00007421837575935335","2","observation-only"
"djot","render","unclosed-code","8192","wall-ms-per-call","","39a6bf41d598229bedbd8f08e1fe30abc9a6d8737a3a11fe2c7e4fd95b51aab6","[0.0025489115325865648,0.002575413323045259]","[0.003421623463114768,0.0036705480205278854]","0.0025489115325865648","0.002575413323045259","0.000026501790458694115","2","observation-only"
"commonmark","render","unclosed-code","1024","wall-ms-per-call","","f13e040fee457468364d9cd34ff3a289186910fd3f553a8af8c93316c8189005","[0.0005859884313495769,0.0005771733321791322]","[0.0007076359295415958,0.0007037572805289818]","0.0005771733321791322","0.0005859884313495769","0.000008815099170444659","2","observation-only"
"commonmark","render","unclosed-code","2048","wall-ms-per-call","","4d94ac414021d3abf92dedfec4ff74816b7c6ae8ed896b87ac3818f9161bfea2","[0.0008023132621951245,0.0007977866943203582]","[0.0010014669820717142,0.0010806877160760564]","0.0007977866943203582","0.0008023132621951245","0.00000452656787476623","2","observation-only"
"commonmark","render","unclosed-code","4096","wall-ms-per-call","","a19f936292497cf0bb996d4a52bb767ef68557cfc1b8495f8e44657f7abe90c7","[0.001252835921843692,0.001253642221943886]","[0.0016450047697368574,0.001817940316133721]","0.001252835921843692","0.001253642221943886","8.063001001939411e-7","2","observation-only"
"commonmark","render","unclosed-code","8192","wall-ms-per-call","","39a6bf41d598229bedbd8f08e1fe30abc9a6d8737a3a11fe2c7e4fd95b51aab6","[0.0021844596422338765,0.0021854037368881233]","[0.002933073624121784,0.0032820646325459352]","0.0021844596422338765","0.0021854037368881233","9.440946542467986e-7","2","observation-only"
"carve","html","unclosed-code","1024","wall-ms-per-call","","f13e040fee457468364d9cd34ff3a289186910fd3f553a8af8c93316c8189005","[0.12386611931818176,0.11710194318181812]","[0.10324607692307698,0.10522596354166651]","0.11710194318181812","0.12386611931818176","0.006764176136363639","0","observation-only"
"carve","html","unclosed-code","2048","wall-ms-per-call","","4d94ac414021d3abf92dedfec4ff74816b7c6ae8ed896b87ac3818f9161bfea2","[0.19617536607142835,0.19460930357142864]","[0.17060729687500054,0.1725734218749997]","0.19460930357142864","0.19617536607142835","0.0015660624999997153","0","observation-only"
"carve","html","unclosed-code","4096","wall-ms-per-call","","a19f936292497cf0bb996d4a52bb767ef68557cfc1b8495f8e44657f7abe90c7","[0.31234990000000096,0.3093005500000004]","[0.27847690000000114,0.28523493749999884]","0.3093005500000004","0.31234990000000096","0.0030493500000005613","0","observation-only"
"carve","html","unclosed-code","8192","wall-ms-per-call","","39a6bf41d598229bedbd8f08e1fe30abc9a6d8737a3a11fe2c7e4fd95b51aab6","[0.5816379583333363,0.5815056458333316]","[0.513370437499996,0.5227322083333329]","0.5815056458333316","0.5816379583333363","0.0001323125000046721","0","observation-only"
"djot","html","unclosed-code","1024","wall-ms-per-call","","f13e040fee457468364d9cd34ff3a289186910fd3f553a8af8c93316c8189005","[0.060251142857142934,0.05821234943181818]","[0.051516380000000056,0.05329879687499991]","0.05821234943181818","0.060251142857142934","0.0020387934253247517","0","observation-only"
"djot","html","unclosed-code","2048","wall-ms-per-call","","4d94ac414021d3abf92dedfec4ff74816b7c6ae8ed896b87ac3818f9161bfea2","[0.07521067279411774,0.0800491406249999]","[0.07640437132352924,0.07485562132352938]","0.07521067279411774","0.0800491406249999","0.004838467830882168","0","observation-only"
"djot","html","unclosed-code","4096","wall-ms-per-call","","a19f936292497cf0bb996d4a52bb767ef68557cfc1b8495f8e44657f7abe90c7","[0.12005606818181812,0.1277862062500006]","[0.12186768181818247,0.11059840104166696]","0.12005606818181812","0.1277862062500006","0.007730138068182471","0","observation-only"
"djot","html","unclosed-code","8192","wall-ms-per-call","","39a6bf41d598229bedbd8f08e1fe30abc9a6d8737a3a11fe2c7e4fd95b51aab6","[0.2024713035714285,0.19659500000000005]","[0.19213241964285796,0.1932657857142845]","0.19659500000000005","0.2024713035714285","0.0058763035714284595","0","observation-only"
"commonmark","html","unclosed-code","1024","wall-ms-per-call","","f13e040fee457468364d9cd34ff3a289186910fd3f553a8af8c93316c8189005","[0.010029838000000011,0.010031271000000003]","[0.009870235728346444,0.009955389384920636]","0.010029838000000011","0.010031271000000003","0.0000014329999999916632","0","observation-only"
"commonmark","html","unclosed-code","2048","wall-ms-per-call","","4d94ac414021d3abf92dedfec4ff74816b7c6ae8ed896b87ac3818f9161bfea2","[0.01801991696428575,0.018057684821428666]","[0.01791592321428571,0.017543786458333384]","0.01801991696428575","0.018057684821428666","0.00003776785714291672","0","observation-only"
"commonmark","html","unclosed-code","4096","wall-ms-per-call","","a19f936292497cf0bb996d4a52bb767ef68557cfc1b8495f8e44657f7abe90c7","[0.03395448141891869,0.034143099662161974]","[0.033632792763157976,0.03359104111842109]","0.03395448141891869","0.034143099662161974","0.0001886182432432812","0","observation-only"
"commonmark","html","unclosed-code","8192","wall-ms-per-call","","39a6bf41d598229bedbd8f08e1fe30abc9a6d8737a3a11fe2c7e4fd95b51aab6","[0.06698073684210508,0.06624227960526316]","[0.06511400312500015,0.06513057499999989]","0.06624227960526316","0.06698073684210508","0.000738457236841919","0","observation-only"
"carve","parse","many-paragraphs","128","wall-ms-per-call","","7968d4826f48ffa02f11be6bc52964e33783a173f6f34c8b584192eded1932eb","[0.6592455312500007,0.6566878437500012]","[0.4981639375000005,0.5040362916666664]","0.6566878437500012","0.6592455312500007","0.002557687499999517","0","observation-only"
"carve","parse","many-paragraphs","256","wall-ms-per-call","","f29f6ec58260e4ad7224eca15ebd586770b5adabde486fb59ec6a72547ab52f1","[0.9588478437500001,1.06191321875]","[0.9095400625000032,0.9498306874999969]","0.9588478437500001","1.06191321875","0.1030653749999999","0","observation-only"
"carve","parse","many-paragraphs","512","wall-ms-per-call","","f1b0612b736fb00bf69241a4b3c93f5d55bd4c2c71b1585997b59f2e3c07e351","[2.173831687499998,2.2698691249999996]","[1.9764519999999948,2.0106740625000015]","2.173831687499998","2.2698691249999996","0.09603743750000149","0","observation-only"
"carve","parse","many-paragraphs","1024","wall-ms-per-call","","31bb8934c555f17a8022fca19fbbd5ce870b94e23308bf7502f8b0d0da6aa471","[3.477839750000001,3.4518615624999995]","[3.0124734999999987,2.9958495000000056]","3.4518615624999995","3.477839750000001","0.02597818750000158","0","observation-only"
"djot","parse","many-paragraphs","128","wall-ms-per-call","","7968d4826f48ffa02f11be6bc52964e33783a173f6f34c8b584192eded1932eb","[0.7472847187500005,0.74987828125]","[0.6575514687500004,0.4852920833333331]","0.7472847187500005","0.74987828125","0.0025935624999995355","0","observation-only"
"djot","parse","many-paragraphs","256","wall-ms-per-call","","f29f6ec58260e4ad7224eca15ebd586770b5adabde486fb59ec6a72547ab52f1","[1.5846094374999993,1.453899312499999]","[0.9484342500000018,1.3002616875000044]","1.453899312499999","1.5846094374999993","0.13071012500000023","0","observation-only"
"djot","parse","many-paragraphs","512","wall-ms-per-call","","f1b0612b736fb00bf69241a4b3c93f5d55bd4c2c71b1585997b59f2e3c07e351","[1.8031916875000036,2.003534000000002]","[1.733516624999993,1.7168784375000001]","1.8031916875000036","2.003534000000002","0.20034231249999834","0","observation-only"
"djot","parse","many-paragraphs","1024","wall-ms-per-call","","31bb8934c555f17a8022fca19fbbd5ce870b94e23308bf7502f8b0d0da6aa471","[3.5216258125000053,3.723500999999999]","[3.4620285625000093,3.5620707500000037]","3.5216258125000053","3.723500999999999","0.20187518749999356","0","observation-only"
"commonmark","parse","many-paragraphs","128","wall-ms-per-call","","7968d4826f48ffa02f11be6bc52964e33783a173f6f34c8b584192eded1932eb","[0.06030985416666671,0.0593231875000001]","[0.06002884226190476,0.06009322619047622]","0.0593231875000001","0.06030985416666671","0.000986666666666608","0","observation-only"
"commonmark","parse","many-paragraphs","256","wall-ms-per-call","","f29f6ec58260e4ad7224eca15ebd586770b5adabde486fb59ec6a72547ab52f1","[0.12125617045454556,0.11621953977272687]","[0.12551529375,0.11977110795454525]","0.11621953977272687","0.12125617045454556","0.005036630681818699","1","observation-only"
"commonmark","parse","many-paragraphs","512","wall-ms-per-call","","f1b0612b736fb00bf69241a4b3c93f5d55bd4c2c71b1585997b59f2e3c07e351","[0.2411148125000011,0.22852540625000017]","[0.25057217499999923,0.24099660416666543]","0.22852540625000017","0.2411148125000011","0.012589406250000934","1","observation-only"
"commonmark","parse","many-paragraphs","1024","wall-ms-per-call","","31bb8934c555f17a8022fca19fbbd5ce870b94e23308bf7502f8b0d0da6aa471","[0.4891545208333336,0.4657152291666667]","[0.5026279791666658,0.4893288958333339]","0.4657152291666667","0.4891545208333336","0.023439291666666917","2","observation-only"
"carve","render","many-paragraphs","128","wall-ms-per-call","","7968d4826f48ffa02f11be6bc52964e33783a173f6f34c8b584192eded1932eb","[0.12125360795454557,0.1179540056818182]","[0.11004581250000012,0.11014645312500004]","0.1179540056818182","0.12125360795454557","0.003299602272727367","0","observation-only"
"carve","render","many-paragraphs","256","wall-ms-per-call","","f29f6ec58260e4ad7224eca15ebd586770b5adabde486fb59ec6a72547ab52f1","[0.2422384895833337,0.24049102083333432]","[0.21769382291666636,0.22054791666666654]","0.24049102083333432","0.2422384895833337","0.0017474687499993702","0","observation-only"
"carve","render","many-paragraphs","512","wall-ms-per-call","","f1b0612b736fb00bf69241a4b3c93f5d55bd4c2c71b1585997b59f2e3c07e351","[0.49077670833333303,0.4745322083333339]","[0.44293972916666746,0.4420706875000017]","0.4745322083333339","0.49077670833333303","0.016244499999999107","0","observation-only"
"carve","render","many-paragraphs","1024","wall-ms-per-call","","31bb8934c555f17a8022fca19fbbd5ce870b94e23308bf7502f8b0d0da6aa471","[0.9963245624999999,0.9633397187499995]","[0.8879406562500023,0.886453812500001]","0.9633397187499995","0.9963245624999999","0.03298484375000044","0","observation-only"
"djot","render","many-paragraphs","128","wall-ms-per-call","","7968d4826f48ffa02f11be6bc52964e33783a173f6f34c8b584192eded1932eb","[0.020518157786885278,0.017884160714285714]","[0.022375783482142846,0.0191147888257576]","0.017884160714285714","0.020518157786885278","0.0026339970725995643","1","observation-only"
"djot","render","many-paragraphs","256","wall-ms-per-call","","f29f6ec58260e4ad7224eca15ebd586770b5adabde486fb59ec6a72547ab52f1","[0.03920891601562482,0.03795296969696973]","[0.0449663549107144,0.039264695312499986]","0.03795296969696973","0.03920891601562482","0.0012559463186550893","2","observation-only"
"djot","render","many-paragraphs","512","wall-ms-per-call","","f1b0612b736fb00bf69241a4b3c93f5d55bd4c2c71b1585997b59f2e3c07e351","[0.09066993750000003,0.09115236607142865]","[0.0795221406250004,0.08964077232142793]","0.09066993750000003","0.09115236607142865","0.0004824285714286197","0","observation-only"
"djot","render","many-paragraphs","1024","wall-ms-per-call","","31bb8934c555f17a8022fca19fbbd5ce870b94e23308bf7502f8b0d0da6aa471","[0.16582357812499993,0.15825457812499977]","[0.15882792968749904,0.14495888888888922]","0.15825457812499977","0.16582357812499993","0.007569000000000159","0","observation-only"
"commonmark","render","many-paragraphs","128","wall-ms-per-call","","7968d4826f48ffa02f11be6bc52964e33783a173f6f34c8b584192eded1932eb","[0.025925364795918383,0.025619815051020418]","[0.025654010204081586,0.0277499986413044]","0.025619815051020418","0.025925364795918383","0.00030554974489796494","1","observation-only"
"commonmark","render","many-paragraphs","256","wall-ms-per-call","","f29f6ec58260e4ad7224eca15ebd586770b5adabde486fb59ec6a72547ab52f1","[0.051386717500000144,0.04745714351851852]","[0.04863352403846149,0.04979357451923068]","0.04745714351851852","0.051386717500000144","0.003929573981481624","0","observation-only"
"commonmark","render","many-paragraphs","512","wall-ms-per-call","","f1b0612b736fb00bf69241a4b3c93f5d55bd4c2c71b1585997b59f2e3c07e351","[0.10571887500000088,0.1042935384615388]","[0.09823841826923066,0.1009909951923082]","0.1042935384615388","0.10571887500000088","0.0014253365384620797","0","observation-only"
"commonmark","render","many-paragraphs","1024","wall-ms-per-call","","31bb8934c555f17a8022fca19fbbd5ce870b94e23308bf7502f8b0d0da6aa471","[0.21200516666666877,0.19939936607142833]","[0.1994974285714274,0.19578890178571434]","0.19939936607142833","0.21200516666666877","0.01260580059524044","0","observation-only"
"carve","html","many-paragraphs","128","wall-ms-per-call","","7968d4826f48ffa02f11be6bc52964e33783a173f6f34c8b584192eded1932eb","[0.18003627678571427,0.19074908928571435]","[0.14688575694444436,0.14031232638888883]","0.18003627678571427","0.19074908928571435","0.010712812500000085","0","observation-only"
"carve","html","many-paragraphs","256","wall-ms-per-call","","f29f6ec58260e4ad7224eca15ebd586770b5adabde486fb59ec6a72547ab52f1","[0.34762078124999896,0.3477744999999999]","[0.2917239874999993,0.29058754999999936]","0.34762078124999896","0.3477744999999999","0.0001537187500009196","0","observation-only"
"carve","html","many-paragraphs","512","wall-ms-per-call","","f1b0612b736fb00bf69241a4b3c93f5d55bd4c2c71b1585997b59f2e3c07e351","[0.6665495312500056,0.6535985624999938]","[0.5645135208333348,0.5485031458333367]","0.6535985624999938","0.6665495312500056","0.012950968750011782","0","observation-only"
"carve","html","many-paragraphs","1024","wall-ms-per-call","","31bb8934c555f17a8022fca19fbbd5ce870b94e23308bf7502f8b0d0da6aa471","[1.4064024999999987,1.3294233124999977]","[1.0389341249999973,1.013279062499997]","1.3294233124999977","1.4064024999999987","0.07697918750000099","0","observation-only"
"djot","html","many-paragraphs","128","wall-ms-per-call","","7968d4826f48ffa02f11be6bc52964e33783a173f6f34c8b584192eded1932eb","[0.9305448750000007,0.7799589999999998]","[0.8337787500000005,0.8105110624999998]","0.7799589999999998","0.9305448750000007","0.15058587500000087","0","observation-only"
"djot","html","many-paragraphs","256","wall-ms-per-call","","f29f6ec58260e4ad7224eca15ebd586770b5adabde486fb59ec6a72547ab52f1","[1.5286780000000064,1.4924861875000062]","[1.3880597499999965,1.4972634999999954]","1.4924861875000062","1.5286780000000064","0.03619181250000025","0","observation-only"
"djot","html","many-paragraphs","512","wall-ms-per-call","","f1b0612b736fb00bf69241a4b3c93f5d55bd4c2c71b1585997b59f2e3c07e351","[2.095578875000001,2.7266808750000138]","[1.8946187499999922,1.7335518124999965]","2.095578875000001","2.7266808750000138","0.6311020000000127","0","observation-only"
"djot","html","many-paragraphs","1024","wall-ms-per-call","","31bb8934c555f17a8022fca19fbbd5ce870b94e23308bf7502f8b0d0da6aa471","[4.287236562499999,4.388290312500004]","[3.6621910625,4.2346317500000055]","4.287236562499999","4.388290312500004","0.1010537500000055","0","observation-only"
"commonmark","html","many-paragraphs","128","wall-ms-per-call","","7968d4826f48ffa02f11be6bc52964e33783a173f6f34c8b584192eded1932eb","[0.08823314999999994,0.08887527499999995]","[0.08943443303571438,0.09102808482142853]","0.08823314999999994","0.08887527499999995","0.0006421250000000073","2","observation-only"
"commonmark","html","many-paragraphs","256","wall-ms-per-call","","f29f6ec58260e4ad7224eca15ebd586770b5adabde486fb59ec6a72547ab52f1","[0.18085996428571502,0.18252362499999972]","[0.1799606785714291,0.17964158928571447]","0.18085996428571502","0.18252362499999972","0.0016636607142846982","0","observation-only"
"commonmark","html","many-paragraphs","512","wall-ms-per-call","","f1b0612b736fb00bf69241a4b3c93f5d55bd4c2c71b1585997b59f2e3c07e351","[0.364912531249999,0.36556781250000014]","[0.3622139999999998,0.3549184375000003]","0.364912531249999","0.36556781250000014","0.0006552812500011385","0","observation-only"
"commonmark","html","many-paragraphs","1024","wall-ms-per-call","","31bb8934c555f17a8022fca19fbbd5ce870b94e23308bf7502f8b0d0da6aa471","[0.733818187500006,0.7397596562500013]","[0.7421935312499954,0.7347123437499974]","0.733818187500006","0.7397596562500013","0.005941468749995238","1","observation-only"
"carve","parse","nested-quotes","8","wall-ms-per-call","","76a421a19cebdc8fd98c62e680a9735c4ef37fa511d553790033e1d7bad0da99","[0.051131687499999995,0.057503602272727244]","[0.05031255999999999,0.05044230749999997]","0.051131687499999995","0.057503602272727244","0.00637191477272725","0","observation-only"
"carve","parse","nested-quotes","16","wall-ms-per-call","","dcb0d955f9bc406d50490378347ecf330ecfb018b878f13b6e5aedf54610cef7","[0.09723854326923104,0.06360361874999967]","[0.12585438750000008,0.04629743981481456]","0.06360361874999967","0.09723854326923104","0.03363492451923136","1","observation-only"
"carve","parse","nested-quotes","32","wall-ms-per-call","","584eb2bbf46e31a19d4b54a3f48c0aa54274678016366f64363ac37f409d810b","[0.18655504464285855,0.21949833333333166]","[0.06296541562499983,0.23245606250000014]","0.18655504464285855","0.21949833333333166","0.03294328869047311","1","observation-only"
"carve","parse","nested-quotes","64","wall-ms-per-call","","31ed09554745fef02875795a13070d06820c03c455938fdc0de5a2b764d33dca","[0.4221524791666648,0.44186497916666667]","[0.4312063124999999,0.4509676874999968]","0.4221524791666648","0.44186497916666667","0.019712500000001854","1","observation-only"
"carve","parse","nested-quotes","128","wall-ms-per-call","","e7022b9e864556afc9a132e47d3c389b5a201858f37ee8636996c4e283b28bb0","[0.7023618125000013,0.5422044583333351]","[0.6697297500000019,0.6769671249999973]","0.5422044583333351","0.7023618125000013","0.1601573541666662","0","observation-only"
"carve","parse","nested-quotes","192","wall-ms-per-call","","546ddff402fe3151dc9c4a0a9059219bcbf4a4426c63d9ab136a05072365c95a","[1.2543014999999968,0.8528385312500006]","[0.7979212187499911,0.828866968749999]","0.8528385312500006","1.2543014999999968","0.4014629687499962","0","observation-only"
"djot","parse","nested-quotes","8","wall-ms-per-call","","76a421a19cebdc8fd98c62e680a9735c4ef37fa511d553790033e1d7bad0da99","[0.03755030698529412,0.04313992672413796]","[0.045744078125000066,0.043354290948275906]","0.03755030698529412","0.04313992672413796","0.005589619738843837","2","observation-only"
"djot","parse","nested-quotes","16","wall-ms-per-call","","dcb0d955f9bc406d50490378347ecf330ecfb018b878f13b6e5aedf54610cef7","[0.05255248177083338,0.05021667000000008]","[0.05015371499999986,0.042580166666666724]","0.05021667000000008","0.05255248177083338","0.0023358117708333","0","observation-only"
"djot","parse","nested-quotes","32","wall-ms-per-call","","584eb2bbf46e31a19d4b54a3f48c0aa54274678016366f64363ac37f409d810b","[0.07093750694444464,0.0736834301470591]","[0.057933531250000024,0.08949862500000043]","0.07093750694444464","0.0736834301470591","0.0027459232026144503","1","observation-only"
"djot","parse","nested-quotes","64","wall-ms-per-call","","31ed09554745fef02875795a13070d06820c03c455938fdc0de5a2b764d33dca","[0.08572835000000036,0.09207607142857098]","[0.08088402734374966,0.09885041826923122]","0.08572835000000036","0.09207607142857098","0.006347721428570624","1","observation-only"
"djot","parse","nested-quotes","128","wall-ms-per-call","","e7022b9e864556afc9a132e47d3c389b5a201858f37ee8636996c4e283b28bb0","[0.11654321022727226,0.1263384437499994]","[0.16056755468749984,0.15715587500000083]","0.11654321022727226","0.1263384437499994","0.009795233522727126","2","observation-only"
"djot","parse","nested-quotes","192","wall-ms-per-call","","546ddff402fe3151dc9c4a0a9059219bcbf4a4426c63d9ab136a05072365c95a","[0.3154329062499954,0.2656219374999978]","[0.36180689062500093,0.18096531249999867]","0.2656219374999978","0.3154329062499954","0.04981096874999763","1","observation-only"
"commonmark","parse","nested-quotes","8","wall-ms-per-call","","76a421a19cebdc8fd98c62e680a9735c4ef37fa511d553790033e1d7bad0da99","[0.0023416980337078674,0.0022032413072183093]","[0.002382031071428575,0.002324456319702601]","0.0022032413072183093","0.0023416980337078674","0.0001384567264895581","1","observation-only"
"commonmark","parse","nested-quotes","16","wall-ms-per-call","","dcb0d955f9bc406d50490378347ecf330ecfb018b878f13b6e5aedf54610cef7","[0.003837210889570558,0.0035620055199430244]","[0.0039572217167721455,0.0038649230324074254]","0.0035620055199430244","0.003837210889570558","0.0002752053696275336","2","observation-only"
"commonmark","parse","nested-quotes","32","wall-ms-per-call","","584eb2bbf46e31a19d4b54a3f48c0aa54274678016366f64363ac37f409d810b","[0.0067135050133689915,0.0062033375618812114]","[0.007004311801675929,0.0068614931693989165]","0.0062033375618812114","0.0067135050133689915","0.0005101674514877801","2","observation-only"
"commonmark","parse","nested-quotes","64","wall-ms-per-call","","31ed09554745fef02875795a13070d06820c03c455938fdc0de5a2b764d33dca","[0.012452254950495041,0.011431112499999911]","[0.013218094736842096,0.012836654974489735]","0.011431112499999911","0.012452254950495041","0.00102114245049513","2","observation-only"
"commonmark","parse","nested-quotes","128","wall-ms-per-call","","e7022b9e864556afc9a132e47d3c389b5a201858f37ee8636996c4e283b28bb0","[0.023451697916666743,0.021348975635593168]","[0.025797366071428747,0.02586006632653069]","0.021348975635593168","0.023451697916666743","0.0021027222810735754","2","observation-only"
"commonmark","parse","nested-quotes","192","wall-ms-per-call","","546ddff402fe3151dc9c4a0a9059219bcbf4a4426c63d9ab136a05072365c95a","[0.03477235763888902,0.031598020312500454]","[0.0377900441176468,0.037737952205882365]","0.031598020312500454","0.03477235763888902","0.0031743373263885682","2","observation-only"
"carve","render","nested-quotes","8","wall-ms-per-call","","76a421a19cebdc8fd98c62e680a9735c4ef37fa511d553790033e1d7bad0da99","[0.007112307528409089,0.007155618214285734]","[0.008566352311643823,0.007318970029239763]","0.007112307528409089","0.007155618214285734","0.00004331068587664494","2","observation-only"
"carve","render","nested-quotes","16","wall-ms-per-call","","dcb0d955f9bc406d50490378347ecf330ecfb018b878f13b6e5aedf54610cef7","[0.01395434583333331,0.012136782160194143]","[0.012525778125000003,0.0128881423969072]","0.012136782160194143","0.01395434583333331","0.0018175636731391671","0","observation-only"
"carve","render","nested-quotes","32","wall-ms-per-call","","584eb2bbf46e31a19d4b54a3f48c0aa54274678016366f64363ac37f409d810b","[0.022924431818181937,0.02641231640625019]","[0.0234934050925925,0.02418521514423069]","0.022924431818181937","0.02641231640625019","0.003487884588068254","0","observation-only"
"carve","render","nested-quotes","64","wall-ms-per-call","","31ed09554745fef02875795a13070d06820c03c455938fdc0de5a2b764d33dca","[0.04717634027777778,0.051153777499999935]","[0.05319625520833308,0.044705250000000314]","0.04717634027777778","0.051153777499999935","0.003977437222222158","1","observation-only"
"carve","render","nested-quotes","128","wall-ms-per-call","","e7022b9e864556afc9a132e47d3c389b5a201858f37ee8636996c4e283b28bb0","[0.09139863839285718,0.09070634821428517]","[0.0902260892857143,0.09044718303571488]","0.09070634821428517","0.09139863839285718","0.0006922901785720165","0","observation-only"
"carve","render","nested-quotes","192","wall-ms-per-call","","546ddff402fe3151dc9c4a0a9059219bcbf4a4426c63d9ab136a05072365c95a","[0.16228121874999957,0.16254295312500133]","[0.16630518750000078,0.14492864583333345]","0.16228121874999957","0.16254295312500133","0.00026173437500176533","1","observation-only"
"djot","render","nested-quotes","8","wall-ms-per-call","","76a421a19cebdc8fd98c62e680a9735c4ef37fa511d553790033e1d7bad0da99","[0.0007613744671132772,0.0009493552107061509]","[0.0008822402192982475,0.0008811042107117692]","0.0007613744671132772","0.0009493552107061509","0.00018798074359287372","0","observation-only"
"djot","render","nested-quotes","16","wall-ms-per-call","","dcb0d955f9bc406d50490378347ecf330ecfb018b878f13b6e5aedf54610cef7","[0.001239160926660057,0.0012391528121902912]","[0.0014655356096131284,0.0013909256813125685]","0.0012391528121902912","0.001239160926660057","8.114469765823501e-9","2","observation-only"
"djot","render","nested-quotes","32","wall-ms-per-call","","584eb2bbf46e31a19d4b54a3f48c0aa54274678016366f64363ac37f409d810b","[0.002371962167931695,0.0023563691148775793]","[0.0025668915554414775,0.002467788091715973]","0.0023563691148775793","0.002371962167931695","0.000015593053054115732","2","observation-only"
"djot","render","nested-quotes","64","wall-ms-per-call","","31ed09554745fef02875795a13070d06820c03c455938fdc0de5a2b764d33dca","[0.004530034646739133,0.004404769586267601]","[0.0047723175095419745,0.004781708015267187]","0.004404769586267601","0.004530034646739133","0.00012526506047153257","2","observation-only"
"djot","render","nested-quotes","128","wall-ms-per-call","","e7022b9e864556afc9a132e47d3c389b5a201858f37ee8636996c4e283b28bb0","[0.009143062043795638,0.008657587499999996]","[0.009160557937956289,0.00901662320143883]","0.008657587499999996","0.009143062043795638","0.0004854745437956418","1","observation-only"
"djot","render","nested-quotes","192","wall-ms-per-call","","546ddff402fe3151dc9c4a0a9059219bcbf4a4426c63d9ab136a05072365c95a","[0.013487732526881803,0.013218248026315767]","[0.013591678668478465,0.013292196710526427]","0.013218248026315767","0.013487732526881803","0.0002694845005660352","1","observation-only"
"commonmark","render","nested-quotes","8","wall-ms-per-call","","76a421a19cebdc8fd98c62e680a9735c4ef37fa511d553790033e1d7bad0da99","[0.0012661052631578944,0.0012692920050761402]","[0.0013083183185146458,0.0013416049490343346]","0.0012661052631578944","0.0012692920050761402","0.0000031867419182458803","2","observation-only"
"commonmark","render","nested-quotes","16","wall-ms-per-call","","dcb0d955f9bc406d50490378347ecf330ecfb018b878f13b6e5aedf54610cef7","[0.0024496475048923693,0.00227569136363636]","[0.0022585269629963782,0.0023064560654981517]","0.00227569136363636","0.0024496475048923693","0.00017395614125600934","0","observation-only"
"commonmark","render","nested-quotes","32","wall-ms-per-call","","584eb2bbf46e31a19d4b54a3f48c0aa54274678016366f64363ac37f409d810b","[0.00462166489852401,0.004269931100682636]","[0.0041446305877483585,0.0042161927609427365]","0.004269931100682636","0.00462166489852401","0.0003517337978413736","0","observation-only"
"commonmark","render","nested-quotes","64","wall-ms-per-call","","31ed09554745fef02875795a13070d06820c03c455938fdc0de5a2b764d33dca","[0.008872750886524828,0.008232703947368367]","[0.008001629777070024,0.00808862661290323]","0.008232703947368367","0.008872750886524828","0.000640046939156461","0","observation-only"
"commonmark","render","nested-quotes","128","wall-ms-per-call","","e7022b9e864556afc9a132e47d3c389b5a201858f37ee8636996c4e283b28bb0","[0.017539845486111046,0.016301201298701388]","[0.01553276003086418,0.015861191455696193]","0.016301201298701388","0.017539845486111046","0.0012386441874096578","0","observation-only"
"commonmark","render","nested-quotes","192","wall-ms-per-call","","546ddff402fe3151dc9c4a0a9059219bcbf4a4426c63d9ab136a05072365c95a","[0.02604300260416655,0.024235074519230928]","[0.023230186342592708,0.0232141481481481]","0.024235074519230928","0.02604300260416655","0.0018079280849356213","0","observation-only"
"carve","html","nested-quotes","8","wall-ms-per-call","","76a421a19cebdc8fd98c62e680a9735c4ef37fa511d553790033e1d7bad0da99","[0.11652636931818156,0.11602715340909081]","[0.09133531250000004,0.08444503333333321]","0.11602715340909081","0.11652636931818156","0.0004992159090907444","0","observation-only"
"carve","html","nested-quotes","16","wall-ms-per-call","","dcb0d955f9bc406d50490378347ecf330ecfb018b878f13b6e5aedf54610cef7","[0.26834355000000015,0.255652400000001]","[0.1820269107142849,0.21835312500000015]","0.255652400000001","0.26834355000000015","0.012691149999999152","0","observation-only"
"carve","html","nested-quotes","32","wall-ms-per-call","","584eb2bbf46e31a19d4b54a3f48c0aa54274678016366f64363ac37f409d810b","[0.3509088437499983,0.3352204374999985]","[0.3286113125000014,0.28250212499999916]","0.3352204374999985","0.3509088437499983","0.015688406249999787","0","observation-only"
"carve","html","nested-quotes","64","wall-ms-per-call","","31ed09554745fef02875795a13070d06820c03c455938fdc0de5a2b764d33dca","[0.7108847499999982,0.6742615000000001]","[0.6856371874999994,0.3520761562499999]","0.6742615000000001","0.7108847499999982","0.03662324999999811","0","observation-only"
"carve","html","nested-quotes","128","wall-ms-per-call","","e7022b9e864556afc9a132e47d3c389b5a201858f37ee8636996c4e283b28bb0","[1.3525593749999985,1.3911513125]","[0.6987686562500031,1.3094311250000032]","1.3525593749999985","1.3911513125","0.03859193750000145","0","observation-only"
"carve","html","nested-quotes","192","wall-ms-per-call","","546ddff402fe3151dc9c4a0a9059219bcbf4a4426c63d9ab136a05072365c95a","[1.8142793125000196,1.6733831875000078]","[1.6251243749999986,1.684768374999976]","1.6733831875000078","1.8142793125000196","0.1408961250000118","0","observation-only"
"djot","html","nested-quotes","8","wall-ms-per-call","","76a421a19cebdc8fd98c62e680a9735c4ef37fa511d553790033e1d7bad0da99","[0.057359326704545376,0.043310894396551815]","[0.05688634943181822,0.05079157250000008]","0.043310894396551815","0.057359326704545376","0.01404843230799356","0","observation-only"
"djot","html","nested-quotes","16","wall-ms-per-call","","dcb0d955f9bc406d50490378347ecf330ecfb018b878f13b6e5aedf54610cef7","[0.07932476953125,0.05447606793478259]","[0.07006310416666671,0.05125773000000009]","0.05447606793478259","0.07932476953125","0.024848701596467418","0","observation-only"
"djot","html","nested-quotes","32","wall-ms-per-call","","584eb2bbf46e31a19d4b54a3f48c0aa54274678016366f64363ac37f409d810b","[0.09796091826923113,0.07613587132352878]","[0.09796203846153873,0.07885686328125008]","0.07613587132352878","0.09796091826923113","0.02182504694570235","1","observation-only"
"djot","html","nested-quotes","64","wall-ms-per-call","","31ed09554745fef02875795a13070d06820c03c455938fdc0de5a2b764d33dca","[0.17870564285714302,0.12853542499999976]","[0.10733200520833226,0.14633997222222206]","0.12853542499999976","0.17870564285714302","0.05017021785714326","0","observation-only"
"djot","html","nested-quotes","128","wall-ms-per-call","","e7022b9e864556afc9a132e47d3c389b5a201858f37ee8636996c4e283b28bb0","[0.41688633333333297,0.21596763541666775]","[0.2638177249999984,0.22746882291666756]","0.21596763541666775","0.41688633333333297","0.20091869791666522","0","observation-only"
"djot","html","nested-quotes","192","wall-ms-per-call","","546ddff402fe3151dc9c4a0a9059219bcbf4a4426c63d9ab136a05072365c95a","[0.44226487499999695,0.2812230124999985]","[0.34472948437499795,0.4275132916666706]","0.2812230124999985","0.44226487499999695","0.16104186249999847","0","observation-only"
"commonmark","html","nested-quotes","8","wall-ms-per-call","","76a421a19cebdc8fd98c62e680a9735c4ef37fa511d553790033e1d7bad0da99","[0.0038428332055214726,0.0035991937859195357]","[0.004023277934083592,0.003848152500000004]","0.0035991937859195357","0.0038428332055214726","0.00024363941960193689","2","observation-only"
"commonmark","html","nested-quotes","16","wall-ms-per-call","","dcb0d955f9bc406d50490378347ecf330ecfb018b878f13b6e5aedf54610cef7","[0.006381006058673447,0.005996563690476195]","[0.0064771628886010416,0.006447325064433007]","0.005996563690476195","0.006381006058673447","0.0003844423681972518","2","observation-only"
"commonmark","html","nested-quotes","32","wall-ms-per-call","","584eb2bbf46e31a19d4b54a3f48c0aa54274678016366f64363ac37f409d810b","[0.011348454391891891,0.010517533088235371]","[0.011516450114678913,0.011542948394495343]","0.010517533088235371","0.011348454391891891","0.0008309213036565202","2","observation-only"
"commonmark","html","nested-quotes","64","wall-ms-per-call","","31ed09554745fef02875795a13070d06820c03c455938fdc0de5a2b764d33dca","[0.021623273305084758,0.019750435546874945]","[0.021936161184210358,0.022037990131578977]","0.019750435546874945","0.021623273305084758","0.001872837758209813","2","observation-only"
"commonmark","html","nested-quotes","128","wall-ms-per-call","","e7022b9e864556afc9a132e47d3c389b5a201858f37ee8636996c4e283b28bb0","[0.04010071093750023,0.03714233639705899]","[0.043177657327586286,0.04253994999999975]","0.03714233639705899","0.04010071093750023","0.00295837454044124","2","observation-only"
"commonmark","html","nested-quotes","192","wall-ms-per-call","","546ddff402fe3151dc9c4a0a9059219bcbf4a4426c63d9ab136a05072365c95a","[0.05990203571428494,0.05583863043478271]","[0.0634484718749988,0.06618841447368445]","0.05583863043478271","0.05990203571428494","0.004063405279502233","2","observation-only"
"carve","parse","nested-lists","8","wall-ms-per-call","","ab45c1d940b30267bc2bdbbcd94419b5e766d545203177fde1c3784bb7bca847","[0.11771044886363637,0.1185382784090908]","[0.1045532115384616,0.10007805769230771]","0.11771044886363637","0.1185382784090908","0.0008278295454544338","0","observation-only"
"carve","parse","nested-lists","16","wall-ms-per-call","","a81db33dda07895b3814f31cdb7bf5b3b2930f7b9a559b081c206203a31c9b4b","[0.26084827500000074,0.25264239999999916]","[0.22170737499999996,0.26031343749999963]","0.25264239999999916","0.26084827500000074","0.008205875000001583","0","observation-only"
"carve","parse","nested-lists","32","wall-ms-per-call","","366f880b7fed66b6cc7409d37b6133f5173df1c9aa46a586f19b36f8a41c1074","[0.36680601562500215,0.48767631249999965]","[0.4401550833333327,0.3559674062500022]","0.36680601562500215","0.48767631249999965","0.12087029687499751","0","observation-only"
"carve","parse","nested-lists","64","wall-ms-per-call","","1b369d2f45e6835231fb49f6bd722ecc2f102a02ceaa1b50556f415d09447ccc","[0.8369666562499987,0.7980536562499978]","[0.7841618437499989,0.7346600312500016]","0.7980536562499978","0.8369666562499987","0.038913000000000864","0","observation-only"
"carve","parse","nested-lists","128","wall-ms-per-call","","90e4d11757595df735e6d94644f2fd63b18384dbfa8278a2b8a401057a193ac5","[1.8015732500000041,1.6792498125000037]","[1.480527875000007,1.609708687500003]","1.6792498125000037","1.8015732500000041","0.12232343750000041","0","observation-only"
"carve","parse","nested-lists","192","wall-ms-per-call","","7b2e83ce7399600d77f919e5c0084373d85d3f238d111427fc0bc314f1c86b5e","[1.9173565624999753,2.0089942499999722]","[1.8120064999999954,1.8001851249999845]","1.9173565624999753","2.0089942499999722","0.0916376874999969","0","observation-only"
"djot","parse","nested-lists","8","wall-ms-per-call","","ab45c1d940b30267bc2bdbbcd94419b5e766d545203177fde1c3784bb7bca847","[0.1399693958333334,0.13060443750000025]","[0.10894453645833331,0.1252678124999999]","0.13060443750000025","0.1399693958333334","0.009364958333333145","0","observation-only"
"djot","parse","nested-lists","16","wall-ms-per-call","","a81db33dda07895b3814f31cdb7bf5b3b2930f7b9a559b081c206203a31c9b4b","[0.13623800625000015,0.11634898863636325]","[0.2227686770833337,0.14033867361111163]","0.11634898863636325","0.13623800625000015","0.0198890176136369","2","observation-only"
"djot","parse","nested-lists","32","wall-ms-per-call","","366f880b7fed66b6cc7409d37b6133f5173df1c9aa46a586f19b36f8a41c1074","[0.22542954166666598,0.18744994642857193]","[0.1668680859374998,0.23069436458333334]","0.18744994642857193","0.22542954166666598","0.03797959523809405","1","observation-only"
"djot","parse","nested-lists","64","wall-ms-per-call","","1b369d2f45e6835231fb49f6bd722ecc2f102a02ceaa1b50556f415d09447ccc","[0.7944160312500017,0.7780644999999993]","[0.7508568125000039,0.7466495625000036]","0.7780644999999993","0.7944160312500017","0.016351531250002438","0","observation-only"
"djot","parse","nested-lists","128","wall-ms-per-call","","90e4d11757595df735e6d94644f2fd63b18384dbfa8278a2b8a401057a193ac5","[1.5056005624999926,1.5050116249999945]","[1.484085937499998,1.513924687499994]","1.5050116249999945","1.5056005624999926","0.0005889374999981101","1","observation-only"
"djot","parse","nested-lists","192","wall-ms-per-call","","7b2e83ce7399600d77f919e5c0084373d85d3f238d111427fc0bc314f1c86b5e","[1.8333166875000018,1.8595583125000132]","[1.7277221249999855,1.7751914374999842]","1.8333166875000018","1.8595583125000132","0.02624162500001148","0","observation-only"
"commonmark","parse","nested-lists","8","wall-ms-per-call","","ab45c1d940b30267bc2bdbbcd94419b5e766d545203177fde1c3784bb7bca847","[0.006298713567839187,0.006418862500000007]","[0.005996008074162684,0.006026387920673073]","0.006298713567839187","0.006418862500000007","0.0001201489321608195","0","observation-only"
"commonmark","parse","nested-lists","16","wall-ms-per-call","","a81db33dda07895b3814f31cdb7bf5b3b2930f7b9a559b081c206203a31c9b4b","[0.012508497500000004,0.01290531894329895]","[0.01212003485576929,0.011955378571428539]","0.012508497500000004","0.01290531894329895","0.0003968214432989465","0","observation-only"
"commonmark","parse","nested-lists","32","wall-ms-per-call","","366f880b7fed66b6cc7409d37b6133f5173df1c9aa46a586f19b36f8a41c1074","[0.027143663563829867,0.028131833333333134]","[0.026552563802083224,0.026766327127659455]","0.027143663563829867","0.028131833333333134","0.0009881697695032672","0","observation-only"
"commonmark","parse","nested-lists","64","wall-ms-per-call","","1b369d2f45e6835231fb49f6bd722ecc2f102a02ceaa1b50556f415d09447ccc","[0.06592964144736793,0.068035115131579]","[0.06546098124999986,0.06388148749999942]","0.06592964144736793","0.068035115131579","0.0021054736842110733","0","observation-only"
"commonmark","parse","nested-lists","128","wall-ms-per-call","","90e4d11757595df735e6d94644f2fd63b18384dbfa8278a2b8a401057a193ac5","[0.18078363392857202,0.18401142857142969]","[0.179380750000001,0.17628916406249928]","0.18078363392857202","0.18401142857142969","0.003227794642857662","0","observation-only"
"commonmark","parse","nested-lists","192","wall-ms-per-call","","7b2e83ce7399600d77f919e5c0084373d85d3f238d111427fc0bc314f1c86b5e","[0.3627901874999999,0.3516302031249978]","[0.345441703125001,0.3414904374999992]","0.3516302031249978","0.3627901874999999","0.011159984375002097","0","observation-only"
"carve","render","nested-lists","8","wall-ms-per-call","","ab45c1d940b30267bc2bdbbcd94419b5e766d545203177fde1c3784bb7bca847","[0.015504730709876546,0.013348208776595762]","[0.014210779119318189,0.013989267361111106]","0.013348208776595762","0.015504730709876546","0.002156521933280784","0","observation-only"
"carve","render","nested-lists","16","wall-ms-per-call","","a81db33dda07895b3814f31cdb7bf5b3b2930f7b9a559b081c206203a31c9b4b","[0.02529425875000001,0.028768066761363575]","[0.02812574722222223,0.02504396750000012]","0.02529425875000001","0.028768066761363575","0.0034738080113635647","0","observation-only"
"carve","render","nested-lists","32","wall-ms-per-call","","366f880b7fed66b6cc7409d37b6133f5173df1c9aa46a586f19b36f8a41c1074","[0.05048523999999986,0.053041236979166705]","[0.04966006009615361,0.05755064772727278]","0.05048523999999986","0.053041236979166705","0.0025559969791668427","1","observation-only"
"carve","render","nested-lists","64","wall-ms-per-call","","1b369d2f45e6835231fb49f6bd722ecc2f102a02ceaa1b50556f415d09447ccc","[0.09815681730769217,0.09295978125000001]","[0.09777130288461623,0.09160836607142946]","0.09295978125000001","0.09815681730769217","0.005197036057692159","0","observation-only"
"carve","render","nested-lists","128","wall-ms-per-call","","90e4d11757595df735e6d94644f2fd63b18384dbfa8278a2b8a401057a193ac5","[0.19640428571428611,0.21747681250000048]","[0.19593838392857169,0.19274341964285618]","0.19640428571428611","0.21747681250000048","0.021072526785714363","0","observation-only"
"carve","render","nested-lists","192","wall-ms-per-call","","7b2e83ce7399600d77f919e5c0084373d85d3f238d111427fc0bc314f1c86b5e","[0.3005774000000031,0.293103099999999]","[0.3127755468750024,0.34360040624999755]","0.293103099999999","0.3005774000000031","0.007474300000004097","2","observation-only"
"djot","render","nested-lists","8","wall-ms-per-call","","ab45c1d940b30267bc2bdbbcd94419b5e766d545203177fde1c3784bb7bca847","[0.0015912536577608121,0.001652263705416113]","[0.002080386855241264,0.001988788453895068]","0.0015912536577608121","0.001652263705416113","0.00006101004765530094","2","observation-only"
"djot","render","nested-lists","16","wall-ms-per-call","","a81db33dda07895b3814f31cdb7bf5b3b2930f7b9a559b081c206203a31c9b4b","[0.0031046214330024808,0.0031705958860759388]","[0.0037494096182634678,0.00328490797244095]","0.0031046214330024808","0.0031705958860759388","0.00006597445307345799","2","observation-only"
"djot","render","nested-lists","32","wall-ms-per-call","","366f880b7fed66b6cc7409d37b6133f5173df1c9aa46a586f19b36f8a41c1074","[0.006487219883419706,0.006522367838541691]","[0.006582480921052611,0.006356725571066014]","0.006487219883419706","0.006522367838541691","0.000035147955121985104","1","observation-only"
"djot","render","nested-lists","64","wall-ms-per-call","","1b369d2f45e6835231fb49f6bd722ecc2f102a02ceaa1b50556f415d09447ccc","[0.012823862882653105,0.013091104817708329]","[0.012528858749999898,0.013087402994791683]","0.012823862882653105","0.013091104817708329","0.0002672419350552239","0","observation-only"
"djot","render","nested-lists","128","wall-ms-per-call","","90e4d11757595df735e6d94644f2fd63b18384dbfa8278a2b8a401057a193ac5","[0.02908777325581377,0.02521258125000003]","[0.02743292798913034,0.0284442741477271]","0.02521258125000003","0.02908777325581377","0.0038751920058137414","0","observation-only"
"djot","render","nested-lists","192","wall-ms-per-call","","7b2e83ce7399600d77f919e5c0084373d85d3f238d111427fc0bc314f1c86b5e","[0.03810344128787895,0.039096029296874946]","[0.03709048529411769,0.042147233333333624]","0.03810344128787895","0.039096029296874946","0.000992588008995994","1","observation-only"
"commonmark","render","nested-lists","8","wall-ms-per-call","","ab45c1d940b30267bc2bdbbcd94419b5e766d545203177fde1c3784bb7bca847","[0.0024280275628626655,0.002468757889546345]","[0.0024852040258449308,0.002503613999999999]","0.0024280275628626655","0.002468757889546345","0.000040730326683679346","2","observation-only"
"commonmark","render","nested-lists","16","wall-ms-per-call","","a81db33dda07895b3814f31cdb7bf5b3b2930f7b9a559b081c206203a31c9b4b","[0.004605007352941167,0.004839915781853276]","[0.004654768355018566,0.004670788246268673]","0.004605007352941167","0.004839915781853276","0.00023490842891210877","0","observation-only"
"commonmark","render","nested-lists","32","wall-ms-per-call","","366f880b7fed66b6cc7409d37b6133f5173df1c9aa46a586f19b36f8a41c1074","[0.008907750443262492,0.009415414003759372]","[0.009007593974820175,0.009116035778985496]","0.008907750443262492","0.009415414003759372","0.00050766356049688","0","observation-only"
"commonmark","render","nested-lists","64","wall-ms-per-call","","1b369d2f45e6835231fb49f6bd722ecc2f102a02ceaa1b50556f415d09447ccc","[0.017538331597222227,0.018548569852941156]","[0.017671294894366245,0.017766904049295616]","0.017538331597222227","0.018548569852941156","0.0010102382557189288","0","observation-only"
"commonmark","render","nested-lists","128","wall-ms-per-call","","90e4d11757595df735e6d94644f2fd63b18384dbfa8278a2b8a401057a193ac5","[0.03475287673611089,0.03694359926470604]","[0.035291623263889155,0.03537613715277783]","0.03475287673611089","0.03694359926470604","0.002190722528595153","0","observation-only"
"commonmark","render","nested-lists","192","wall-ms-per-call","","7b2e83ce7399600d77f919e5c0084373d85d3f238d111427fc0bc314f1c86b5e","[0.052410289062500226,0.055584538043477925]","[0.053188309895833896,0.054354442934782275]","0.052410289062500226","0.055584538043477925","0.0031742489809776994","0","observation-only"
"carve","html","nested-lists","8","wall-ms-per-call","","ab45c1d940b30267bc2bdbbcd94419b5e766d545203177fde1c3784bb7bca847","[0.21933437499999955,0.22328430208333336]","[0.18043726785714245,0.18130464285714304]","0.21933437499999955","0.22328430208333336","0.003949927083333804","0","observation-only"
"carve","html","nested-lists","16","wall-ms-per-call","","a81db33dda07895b3814f31cdb7bf5b3b2930f7b9a559b081c206203a31c9b4b","[0.46445595833333425,0.44330308333333335]","[0.37903350000000025,0.23239055208333306]","0.44330308333333335","0.46445595833333425","0.021152875000000904","0","observation-only"
"carve","html","nested-lists","32","wall-ms-per-call","","366f880b7fed66b6cc7409d37b6133f5173df1c9aa46a586f19b36f8a41c1074","[0.7409465624999996,0.801574656249997]","[0.7539748437500009,0.6965000625000002]","0.7409465624999996","0.801574656249997","0.06062809374999745","0","observation-only"
"carve","html","nested-lists","64","wall-ms-per-call","","1b369d2f45e6835231fb49f6bd722ecc2f102a02ceaa1b50556f415d09447ccc","[1.6520299375000036,1.4948957499999977]","[1.401855624999996,1.3186388750000049]","1.4948957499999977","1.6520299375000036","0.15713418750000585","0","observation-only"
"carve","html","nested-lists","128","wall-ms-per-call","","90e4d11757595df735e6d94644f2fd63b18384dbfa8278a2b8a401057a193ac5","[2.1711259375000083,2.1810490000000016]","[2.0006713750000102,2.0029056875000038]","2.1711259375000083","2.1810490000000016","0.009923062499993307","0","observation-only"
"carve","html","nested-lists","192","wall-ms-per-call","","7b2e83ce7399600d77f919e5c0084373d85d3f238d111427fc0bc314f1c86b5e","[2.7780883125000173,2.7269034999999917]","[2.7842439375000083,2.7213107499999865]","2.7269034999999917","2.7780883125000173","0.0511848125000256","1","observation-only"
"djot","html","nested-lists","8","wall-ms-per-call","","ab45c1d940b30267bc2bdbbcd94419b5e766d545203177fde1c3784bb7bca847","[0.12917092500000002,0.15786236718750013]","[0.15660186111111093,0.13402170000000027]","0.12917092500000002","0.15786236718750013","0.02869144218750011","0","observation-only"
"djot","html","nested-lists","16","wall-ms-per-call","","a81db33dda07895b3814f31cdb7bf5b3b2930f7b9a559b081c206203a31c9b4b","[0.1642566484375001,0.1908049196428568]","[0.14143236805555562,0.23921872916666706]","0.1642566484375001","0.1908049196428568","0.026548271205356716","1","observation-only"
"djot","html","nested-lists","32","wall-ms-per-call","","366f880b7fed66b6cc7409d37b6133f5173df1c9aa46a586f19b36f8a41c1074","[0.44930393750000047,0.4680740416666633]","[0.2696389124999996,0.27752547500000163]","0.44930393750000047","0.4680740416666633","0.018770104166662804","0","observation-only"
"djot","html","nested-lists","64","wall-ms-per-call","","1b369d2f45e6835231fb49f6bd722ecc2f102a02ceaa1b50556f415d09447ccc","[0.6609827812499987,0.6533130625000041]","[0.7929642187500008,0.8961560624999976]","0.6533130625000041","0.6609827812499987","0.0076697187499945585","2","observation-only"
"djot","html","nested-lists","128","wall-ms-per-call","","90e4d11757595df735e6d94644f2fd63b18384dbfa8278a2b8a401057a193ac5","[1.905466374999989,1.8210909999999956]","[1.6096289999999982,1.6745155625000052]","1.8210909999999956","1.905466374999989","0.08437537499999337","0","observation-only"
"djot","html","nested-lists","192","wall-ms-per-call","","7b2e83ce7399600d77f919e5c0084373d85d3f238d111427fc0bc314f1c86b5e","[2.11134100000001,2.056328187499986]","[1.9970699374999867,2.0277818124999953]","2.056328187499986","2.11134100000001","0.05501281250002421","0","observation-only"
"commonmark","html","nested-lists","8","wall-ms-per-call","","ab45c1d940b30267bc2bdbbcd94419b5e766d545203177fde1c3784bb7bca847","[0.00871480121527779,0.008899090868794323]","[0.008753679632867127,0.008733214843750003]","0.00871480121527779","0.008899090868794323","0.00018428965351653323","0","observation-only"
"commonmark","html","nested-lists","16","wall-ms-per-call","","a81db33dda07895b3814f31cdb7bf5b3b2930f7b9a559b081c206203a31c9b4b","[0.017012019425675706,0.017258486301369873]","[0.016949511824324318,0.017035748310810752]","0.017012019425675706","0.017258486301369873","0.0002464668756941672","0","observation-only"
"commonmark","html","nested-lists","32","wall-ms-per-call","","366f880b7fed66b6cc7409d37b6133f5173df1c9aa46a586f19b36f8a41c1074","[0.035697309027777756,0.036103687500000044]","[0.03574709107142837,0.036050260714285645]","0.035697309027777756","0.036103687500000044","0.00040637847222228796","0","observation-only"
"commonmark","html","nested-lists","64","wall-ms-per-call","","1b369d2f45e6835231fb49f6bd722ecc2f102a02ceaa1b50556f415d09447ccc","[0.08207458984375027,0.08988300000000038]","[0.08411975833333353,0.08357667083333335]","0.08207458984375027","0.08988300000000038","0.007808410156250112","0","observation-only"
"commonmark","html","nested-lists","128","wall-ms-per-call","","90e4d11757595df735e6d94644f2fd63b18384dbfa8278a2b8a401057a193ac5","[0.21434708333333438,0.21367842708333265]","[0.21432541666666557,0.21442869791666652]","0.21367842708333265","0.21434708333333438","0.0006686562500017312","1","observation-only"
"commonmark","html","nested-lists","192","wall-ms-per-call","","7b2e83ce7399600d77f919e5c0084373d85d3f238d111427fc0bc314f1c86b5e","[0.3933654062499983,0.3921618906249975]","[0.39449910937500476,0.39169050000000283]","0.3921618906249975","0.3933654062499983","0.0012035156250007617","1","observation-only"
"carve","parse","interior-whitespace","2048","wall-ms-per-call","","61538cbbd30d7002d6b5cdc99df9033445e846b37dc3da0c2428fad2a379265c","[0.02333601736111114,0.022067619517543876]","[0.019884192460317477,0.020566181352459]","0.022067619517543876","0.02333601736111114","0.0012683978435672656","0","observation-only"
"carve","parse","interior-whitespace","4096","wall-ms-per-call","","bc35ba7cc2dc943979b2c581a3bb1298a91f799f069fc93141286402f7432b35","[0.03089781859756093,0.02920026598837211]","[0.029517968023255795,0.029408212209302304]","0.02920026598837211","0.03089781859756093","0.001697552609188819","0","observation-only"
"carve","parse","interior-whitespace","8192","wall-ms-per-call","","4a3e49c6c8606c6af42d5ec0905a53539dd8d72a730ff6ba4897623b76a15931","[0.05292416927083347,0.0530538359375002]","[0.051351907499999926,0.05436575543478245]","0.05292416927083347","0.0530538359375002","0.0001296666666667362","1","observation-only"
"carve","parse","interior-whitespace","16384","wall-ms-per-call","","88824015bd141fc42b932fbfcf6bb5252909b72a833448af42332f0b35bc38fa","[0.0641488625000001,0.059542482142857366]","[0.057921011363636025,0.061028116071428586]","0.059542482142857366","0.0641488625000001","0.004606380357142732","0","observation-only"
"djot","parse","interior-whitespace","2048","wall-ms-per-call","","61538cbbd30d7002d6b5cdc99df9033445e846b37dc3da0c2428fad2a379265c","[0.03445836993243245,0.034263967905405396]","[0.0352222118055556,0.03482210243055553]","0.034263967905405396","0.03445836993243245","0.00019440202702705744","2","observation-only"
"djot","parse","interior-whitespace","4096","wall-ms-per-call","","bc35ba7cc2dc943979b2c581a3bb1298a91f799f069fc93141286402f7432b35","[0.04467451508620712,0.043851415948275754]","[0.04105294153225805,0.04129524999999997]","0.043851415948275754","0.04467451508620712","0.0008230991379313685","0","observation-only"
"djot","parse","interior-whitespace","8192","wall-ms-per-call","","4a3e49c6c8606c6af42d5ec0905a53539dd8d72a730ff6ba4897623b76a15931","[0.06338755625000018,0.06331504374999994]","[0.05626627173913026,0.05844982670454548]","0.06331504374999994","0.06338755625000018","0.00007251250000024634","0","observation-only"
"djot","parse","interior-whitespace","16384","wall-ms-per-call","","88824015bd141fc42b932fbfcf6bb5252909b72a833448af42332f0b35bc38fa","[0.09371391964285689,0.09965419711538459]","[0.09166317857142811,0.09311197321428567]","0.09371391964285689","0.09965419711538459","0.005940277472527705","0","observation-only"
"commonmark","parse","interior-whitespace","2048","wall-ms-per-call","","61538cbbd30d7002d6b5cdc99df9033445e846b37dc3da0c2428fad2a379265c","[0.0030747137592137598,0.00307095787377451]","[0.003014381174698795,0.002885911434331794]","0.00307095787377451","0.0030747137592137598","0.0000037558854392499494","0","observation-only"
"commonmark","parse","interior-whitespace","4096","wall-ms-per-call","","bc35ba7cc2dc943979b2c581a3bb1298a91f799f069fc93141286402f7432b35","[0.005284479694092812,0.005265314600840322]","[0.005169809400826455,0.005168553977272735]","0.005265314600840322","0.005284479694092812","0.00001916509325248974","0","observation-only"
"commonmark","parse","interior-whitespace","8192","wall-ms-per-call","","4a3e49c6c8606c6af42d5ec0905a53539dd8d72a730ff6ba4897623b76a15931","[0.009717141472868236,0.009747809108527166]","[0.009453916353383508,0.009471110795454528]","0.009717141472868236","0.009747809108527166","0.000030667635658929854","0","observation-only"
"commonmark","parse","interior-whitespace","16384","wall-ms-per-call","","88824015bd141fc42b932fbfcf6bb5252909b72a833448af42332f0b35bc38fa","[0.018640239889706076,0.01872758115671641]","[0.017916368749999988,0.017887333035714294]","0.018640239889706076","0.01872758115671641","0.00008734126701033518","0","observation-only"
"carve","render","interior-whitespace","2048","wall-ms-per-call","","61538cbbd30d7002d6b5cdc99df9033445e846b37dc3da0c2428fad2a379265c","[0.00527557484243697,0.005231025366108789]","[0.0048221007211538425,0.0052765261075949305]","0.005231025366108789","0.00527557484243697","0.00004454947632818052","1","observation-only"
"carve","render","interior-whitespace","4096","wall-ms-per-call","","bc35ba7cc2dc943979b2c581a3bb1298a91f799f069fc93141286402f7432b35","[0.0075610640060240885,0.007750530864197537]","[0.0073387887426900255,0.0074708642113095235]","0.0075610640060240885","0.007750530864197537","0.00018946685817344822","0","observation-only"
"carve","render","interior-whitespace","8192","wall-ms-per-call","","4a3e49c6c8606c6af42d5ec0905a53539dd8d72a730ff6ba4897623b76a15931","[0.014742967647058817,0.01463401162790688]","[0.013826260989010986,0.01222541686893208]","0.01463401162790688","0.014742967647058817","0.00010895601915193731","0","observation-only"
"carve","render","interior-whitespace","16384","wall-ms-per-call","","88824015bd141fc42b932fbfcf6bb5252909b72a833448af42332f0b35bc38fa","[0.023399200231481468,0.02332271643518511]","[0.024634577205882337,0.025246471250000013]","0.02332271643518511","0.023399200231481468","0.00007648379629635743","2","observation-only"
"djot","render","interior-whitespace","2048","wall-ms-per-call","","61538cbbd30d7002d6b5cdc99df9033445e846b37dc3da0c2428fad2a379265c","[0.0003439930861309848,0.0003201500800256089]","[0.0002799290752351097,0.00029223239539504447]","0.0003201500800256089","0.0003439930861309848","0.00002384300610537587","0","observation-only"
"djot","render","interior-whitespace","4096","wall-ms-per-call","","bc35ba7cc2dc943979b2c581a3bb1298a91f799f069fc93141286402f7432b35","[0.0005108375561912548,0.0004569205957602342]","[0.0006057608103197669,0.00061864810118753]","0.0004569205957602342","0.0005108375561912548","0.00005391696043102062","2","observation-only"
"djot","render","interior-whitespace","8192","wall-ms-per-call","","4a3e49c6c8606c6af42d5ec0905a53539dd8d72a730ff6ba4897623b76a15931","[0.0007947204386522575,0.0006981173925181438]","[0.0009710655085403825,0.0009900699722882034]","0.0006981173925181438","0.0007947204386522575","0.00009660304613411368","2","observation-only"
"djot","render","interior-whitespace","16384","wall-ms-per-call","","88824015bd141fc42b932fbfcf6bb5252909b72a833448af42332f0b35bc38fa","[0.0013389332173447516,0.0011674201097105505]","[0.0016333776925587487,0.0018940127840909068]","0.0011674201097105505","0.0013389332173447516","0.00017151310763420112","2","observation-only"
"commonmark","render","interior-whitespace","2048","wall-ms-per-call","","61538cbbd30d7002d6b5cdc99df9033445e846b37dc3da0c2428fad2a379265c","[0.000361114908290006,0.000379030908884172]","[0.0003708574792346484,0.0004076267932833388]","0.000361114908290006","0.000379030908884172","0.00001791600059416603","1","observation-only"
"commonmark","render","interior-whitespace","4096","wall-ms-per-call","","bc35ba7cc2dc943979b2c581a3bb1298a91f799f069fc93141286402f7432b35","[0.00044660175509110496,0.00044756901181525395]","[0.0004917387883556255,0.000569921234047403]","0.00044660175509110496","0.00044756901181525395","9.672567241489848e-7","2","observation-only"
"commonmark","render","interior-whitespace","8192","wall-ms-per-call","","4a3e49c6c8606c6af42d5ec0905a53539dd8d72a730ff6ba4897623b76a15931","[0.0006357803444331503,0.0006385920582226796]","[0.0007629449359365473,0.0008551204257865932]","0.0006357803444331503","0.0006385920582226796","0.000002811713789529352","2","observation-only"
"commonmark","render","interior-whitespace","16384","wall-ms-per-call","","88824015bd141fc42b932fbfcf6bb5252909b72a833448af42332f0b35bc38fa","[0.0009993063049560354,0.0009891074465980935]","[0.0011670683302238813,0.0014242858769931677]","0.0009891074465980935","0.0009993063049560354","0.000010198858357941907","2","observation-only"
"carve","html","interior-whitespace","2048","wall-ms-per-call","","61538cbbd30d7002d6b5cdc99df9033445e846b37dc3da0c2428fad2a379265c","[0.014774403676470585,0.015458385802469173]","[0.014717198529411783,0.014649071947674428]","0.014774403676470585","0.015458385802469173","0.0006839821259985879","0","observation-only"
"carve","html","interior-whitespace","4096","wall-ms-per-call","","bc35ba7cc2dc943979b2c581a3bb1298a91f799f069fc93141286402f7432b35","[0.027851783333333283,0.02687068218085113]","[0.02785342777777768,0.028205793055555577]","0.02687068218085113","0.027851783333333283","0.0009811011524821535","2","observation-only"
"carve","html","interior-whitespace","8192","wall-ms-per-call","","4a3e49c6c8606c6af42d5ec0905a53539dd8d72a730ff6ba4897623b76a15931","[0.055319092391304434,0.05537057608695638]","[0.05120518249999975,0.05191698000000031]","0.055319092391304434","0.05537057608695638","0.00005148369565194377","0","observation-only"
"carve","html","interior-whitespace","16384","wall-ms-per-call","","88824015bd141fc42b932fbfcf6bb5252909b72a833448af42332f0b35bc38fa","[0.10769446354166708,0.10822285416666588]","[0.09968630288461519,0.1063363489583331]","0.10769446354166708","0.10822285416666588","0.0005283906249988063","0","observation-only"
"djot","html","interior-whitespace","2048","wall-ms-per-call","","61538cbbd30d7002d6b5cdc99df9033445e846b37dc3da0c2428fad2a379265c","[0.04048939062500001,0.037149737132352915]","[0.03821776893939387,0.037395825367647025]","0.037149737132352915","0.04048939062500001","0.0033396534926470947","0","observation-only"
"djot","html","interior-whitespace","4096","wall-ms-per-call","","bc35ba7cc2dc943979b2c581a3bb1298a91f799f069fc93141286402f7432b35","[0.04903426201923066,0.0470426620370369]","[0.04491993080357152,0.04509057589285729]","0.0470426620370369","0.04903426201923066","0.0019915999821937605","0","observation-only"
"djot","html","interior-whitespace","8192","wall-ms-per-call","","4a3e49c6c8606c6af42d5ec0905a53539dd8d72a730ff6ba4897623b76a15931","[0.06687989144736854,0.06469210312500025]","[0.06271374687499964,0.06012486011904763]","0.06469210312500025","0.06687989144736854","0.002187788322368295","0","observation-only"
"djot","html","interior-whitespace","16384","wall-ms-per-call","","88824015bd141fc42b932fbfcf6bb5252909b72a833448af42332f0b35bc38fa","[0.10720917708333388,0.10630716666666729]","[0.09403616071428596,0.09957553365384687]","0.10630716666666729","0.10720917708333388","0.0009020104166665988","0","observation-only"
"commonmark","html","interior-whitespace","2048","wall-ms-per-call","","61538cbbd30d7002d6b5cdc99df9033445e846b37dc3da0c2428fad2a379265c","[0.0035637875712250704,0.003506035189075632]","[0.0034538106008287334,0.0033443826871657764]","0.003506035189075632","0.0035637875712250704","0.000057752382149438286","0","observation-only"
"commonmark","html","interior-whitespace","4096","wall-ms-per-call","","bc35ba7cc2dc943979b2c581a3bb1298a91f799f069fc93141286402f7432b35","[0.005868901408450704,0.0059145492334905575]","[0.005717568493150683,0.005765345910138256]","0.005868901408450704","0.0059145492334905575","0.0000456478250398535","0","observation-only"
"commonmark","html","interior-whitespace","8192","wall-ms-per-call","","4a3e49c6c8606c6af42d5ec0905a53539dd8d72a730ff6ba4897623b76a15931","[0.01051915808823533,0.010488981770833305]","[0.010353129648760296,0.010170261686991882]","0.010488981770833305","0.01051915808823533","0.000030176317402024616","0","observation-only"
"commonmark","html","interior-whitespace","16384","wall-ms-per-call","","88824015bd141fc42b932fbfcf6bb5252909b72a833448af42332f0b35bc38fa","[0.01978433691406245,0.019702092773437707]","[0.019348264423076845,0.019269120192307608]","0.019702092773437707","0.01978433691406245","0.00008224414062474317","0","observation-only"
"carve","parse","literal-brackets","128","wall-ms-per-call","","59ba620d17953b09143846510abfd1b097f3e601239b6d0c3d8c3bbd227624f1","[0.7044693437500005,0.6636731562500007]","[0.5680102500000004,0.6273344999999999]","0.6636731562500007","0.7044693437500005","0.0407961874999998","0","observation-only"
"carve","parse","literal-brackets","256","wall-ms-per-call","","6e9bcc8adf338e6b176fec8bc6cf81083504392e07b71cfcbc932af2a26a1b7b","[1.2546446249999974,1.3029448125000016]","[0.926900718749998,0.8958239374999977]","1.2546446249999974","1.3029448125000016","0.0483001875000042","0","observation-only"
"carve","parse","literal-brackets","512","wall-ms-per-call","","ea48204fadb46e751fbe147edf3eb27d035eaa0e558910b9b19e9affb482d09e","[2.238930874999994,2.2368614374999964]","[2.0250899999999916,1.931390937499998]","2.2368614374999964","2.238930874999994","0.0020694374999976617","0","observation-only"
"carve","parse","literal-brackets","1024","wall-ms-per-call","","9f1377f7f3a102ca46d8032bfad8045ca194bb8d0c4f4b6e4a89896fcf130e67","[3.6617247500000047,3.563243437500006]","[3.075662062500001,3.0440601875000084]","3.563243437500006","3.6617247500000047","0.09848131249999881","0","observation-only"
"djot","parse","literal-brackets","128","wall-ms-per-call","","59ba620d17953b09143846510abfd1b097f3e601239b6d0c3d8c3bbd227624f1","[0.6949863750000009,0.8115346249999984]","[0.7334051250000009,0.7271783750000012]","0.6949863750000009","0.8115346249999984","0.11654824999999747","0","observation-only"
"djot","parse","literal-brackets","256","wall-ms-per-call","","6e9bcc8adf338e6b176fec8bc6cf81083504392e07b71cfcbc932af2a26a1b7b","[1.4091883124999995,1.6223841875000033]","[1.5370464374999955,1.5280379999999951]","1.4091883124999995","1.6223841875000033","0.2131958750000038","0","observation-only"
"djot","parse","literal-brackets","512","wall-ms-per-call","","ea48204fadb46e751fbe147edf3eb27d035eaa0e558910b9b19e9affb482d09e","[1.8385875625000097,2.044325624999999]","[2.128550062499997,2.500911937500007]","1.8385875625000097","2.044325624999999","0.20573806249998938","2","observation-only"
"djot","parse","literal-brackets","1024","wall-ms-per-call","","9f1377f7f3a102ca46d8032bfad8045ca194bb8d0c4f4b6e4a89896fcf130e67","[3.879078312499999,3.9343707499999994]","[3.6856436875000043,4.102091874999999]","3.879078312499999","3.9343707499999994","0.055292437500000347","1","observation-only"
"commonmark","parse","literal-brackets","128","wall-ms-per-call","","59ba620d17953b09143846510abfd1b097f3e601239b6d0c3d8c3bbd227624f1","[0.06145823214285716,0.059961877976190535]","[0.060992952380952356,0.060078315476190594]","0.059961877976190535","0.06145823214285716","0.0014963541666666233","0","observation-only"
"commonmark","parse","literal-brackets","256","wall-ms-per-call","","6e9bcc8adf338e6b176fec8bc6cf81083504392e07b71cfcbc932af2a26a1b7b","[0.12164661363636368,0.11808321022727274]","[0.12339917613636363,0.12561390625000043]","0.11808321022727274","0.12164661363636368","0.0035634034090909483","2","observation-only"
"commonmark","parse","literal-brackets","512","wall-ms-per-call","","ea48204fadb46e751fbe147edf3eb27d035eaa0e558910b9b19e9affb482d09e","[0.2419323749999999,0.2345358750000012]","[0.24776834375000098,0.25218302499999934]","0.2345358750000012","0.2419323749999999","0.007396499999998696","2","observation-only"
"commonmark","parse","literal-brackets","1024","wall-ms-per-call","","9f1377f7f3a102ca46d8032bfad8045ca194bb8d0c4f4b6e4a89896fcf130e67","[0.483995625000001,0.4758891458333352]","[0.5032731874999996,0.5050412916666668]","0.4758891458333352","0.483995625000001","0.008106479166665792","2","observation-only"
"carve","render","literal-brackets","128","wall-ms-per-call","","59ba620d17953b09143846510abfd1b097f3e601239b6d0c3d8c3bbd227624f1","[0.12258144886363614,0.12217283522727258]","[0.11052224999999982,0.11045730208333342]","0.12217283522727258","0.12258144886363614","0.0004086136363635612","0","observation-only"
"carve","render","literal-brackets","256","wall-ms-per-call","","6e9bcc8adf338e6b176fec8bc6cf81083504392e07b71cfcbc932af2a26a1b7b","[0.2452590520833328,0.24413256250000023]","[0.2199913437499994,0.21904422916666752]","0.24413256250000023","0.2452590520833328","0.0011264895833325572","0","observation-only"
"carve","render","literal-brackets","512","wall-ms-per-call","","ea48204fadb46e751fbe147edf3eb27d035eaa0e558910b9b19e9affb482d09e","[0.500365604166665,0.5021735625]","[0.4398253333333315,0.43916150000000204]","0.500365604166665","0.5021735625","0.0018079583333350246","0","observation-only"
"carve","render","literal-brackets","1024","wall-ms-per-call","","9f1377f7f3a102ca46d8032bfad8045ca194bb8d0c4f4b6e4a89896fcf130e67","[1.0060707187500029,0.9855367812499978]","[0.8926125624999983,0.8806783750000022]","0.9855367812499978","1.0060707187500029","0.020533937500005095","0","observation-only"
"djot","render","literal-brackets","128","wall-ms-per-call","","59ba620d17953b09143846510abfd1b097f3e601239b6d0c3d8c3bbd227624f1","[0.02195260416666668,0.021563745689655203]","[0.01745414670138887,0.023235297453703677]","0.021563745689655203","0.02195260416666668","0.0003888584770114778","1","observation-only"
"djot","render","literal-brackets","256","wall-ms-per-call","","6e9bcc8adf338e6b176fec8bc6cf81083504392e07b71cfcbc932af2a26a1b7b","[0.041680493750000144,0.04685752314814806]","[0.04054290927419356,0.037337753676470575]","0.041680493750000144","0.04685752314814806","0.005177029398147917","0","observation-only"
"djot","render","literal-brackets","512","wall-ms-per-call","","ea48204fadb46e751fbe147edf3eb27d035eaa0e558910b9b19e9affb482d09e","[0.09109708928571385,0.07942284765625018]","[0.07565711764705858,0.09163648660714228]","0.07942284765625018","0.09109708928571385","0.011674241629463664","1","observation-only"
"djot","render","literal-brackets","1024","wall-ms-per-call","","9f1377f7f3a102ca46d8032bfad8045ca194bb8d0c4f4b6e4a89896fcf130e67","[0.18739483928571385,0.1640079765625]","[0.15857612499999973,0.17914862500000034]","0.1640079765625","0.18739483928571385","0.023386862723213858","0","observation-only"
"commonmark","render","literal-brackets","128","wall-ms-per-call","","59ba620d17953b09143846510abfd1b097f3e601239b6d0c3d8c3bbd227624f1","[0.02814117499999998,0.02634029427083336]","[0.027704131793478266,0.026209044270833298]","0.02634029427083336","0.02814117499999998","0.0018008807291666207","0","observation-only"
"commonmark","render","literal-brackets","256","wall-ms-per-call","","6e9bcc8adf338e6b176fec8bc6cf81083504392e07b71cfcbc932af2a26a1b7b","[0.05248052343749995,0.049310913461538666]","[0.054625584239130436,0.04763291898148165]","0.049310913461538666","0.05248052343749995","0.003169609975961281","1","observation-only"
"commonmark","render","literal-brackets","512","wall-ms-per-call","","ea48204fadb46e751fbe147edf3eb27d035eaa0e558910b9b19e9affb482d09e","[0.10948189062499954,0.1056101538461532]","[0.11267815624999973,0.0985203221153844]","0.1056101538461532","0.10948189062499954","0.0038717367788463353","1","observation-only"
"commonmark","render","literal-brackets","1024","wall-ms-per-call","","9f1377f7f3a102ca46d8032bfad8045ca194bb8d0c4f4b6e4a89896fcf130e67","[0.2167107916666661,0.19857255357142783]","[0.21724437499999993,0.19514888392857138]","0.19857255357142783","0.2167107916666661","0.018138238095238263","1","observation-only"
"carve","html","literal-brackets","128","wall-ms-per-call","","59ba620d17953b09143846510abfd1b097f3e601239b6d0c3d8c3bbd227624f1","[1.3073831874999975,1.4697415625000012]","[0.99143678125,0.8613730937500002]","1.3073831874999975","1.4697415625000012","0.16235837500000372","0","observation-only"
"carve","html","literal-brackets","256","wall-ms-per-call","","6e9bcc8adf338e6b176fec8bc6cf81083504392e07b71cfcbc932af2a26a1b7b","[2.002615375000005,1.9885989999999936]","[1.813154937500002,1.7625940624999998]","1.9885989999999936","2.002615375000005","0.014016375000011294","0","observation-only"
"carve","html","literal-brackets","512","wall-ms-per-call","","ea48204fadb46e751fbe147edf3eb27d035eaa0e558910b9b19e9affb482d09e","[3.4946851874999965,3.4777383124999943]","[3.0191643124999956,3.0827978125000044]","3.4777383124999943","3.4946851874999965","0.016946875000002137","0","observation-only"
"carve","html","literal-brackets","1024","wall-ms-per-call","","9f1377f7f3a102ca46d8032bfad8045ca194bb8d0c4f4b6e4a89896fcf130e67","[5.714649125000008,5.628409562499996]","[5.213244125000003,4.854956375]","5.628409562499996","5.714649125000008","0.08623956250001186","0","observation-only"
"djot","html","literal-brackets","128","wall-ms-per-call","","59ba620d17953b09143846510abfd1b097f3e601239b6d0c3d8c3bbd227624f1","[0.8664701250000011,0.8520930624999998]","[0.7834875624999995,0.759531625000001]","0.8520930624999998","0.8664701250000011","0.014377062500001259","0","observation-only"
"djot","html","literal-brackets","256","wall-ms-per-call","","6e9bcc8adf338e6b176fec8bc6cf81083504392e07b71cfcbc932af2a26a1b7b","[1.6042063125000041,1.7212093750000008]","[1.4899948750000007,1.5662658749999991]","1.6042063125000041","1.7212093750000008","0.1170030624999967","0","observation-only"
"djot","html","literal-brackets","512","wall-ms-per-call","","ea48204fadb46e751fbe147edf3eb27d035eaa0e558910b9b19e9affb482d09e","[2.52173643750001,2.0069575625000056]","[1.9074452500000092,1.870709812499996]","2.0069575625000056","2.52173643750001","0.5147788750000046","0","observation-only"
"djot","html","literal-brackets","1024","wall-ms-per-call","","9f1377f7f3a102ca46d8032bfad8045ca194bb8d0c4f4b6e4a89896fcf130e67","[4.11951375000001,4.323856499999991]","[3.9784036875000055,4.099139812499999]","4.11951375000001","4.323856499999991","0.2043427499999808","0","observation-only"
"commonmark","html","literal-brackets","128","wall-ms-per-call","","59ba620d17953b09143846510abfd1b097f3e601239b6d0c3d8c3bbd227624f1","[0.0916752276785715,0.09261954910714287]","[0.09182439285714265,0.09883789903846135]","0.0916752276785715","0.09261954910714287","0.0009443214285713708","1","observation-only"
"commonmark","html","literal-brackets","256","wall-ms-per-call","","6e9bcc8adf338e6b176fec8bc6cf81083504392e07b71cfcbc932af2a26a1b7b","[0.1787748928571428,0.17888124107142797]","[0.18089378571428533,0.18269005357142834]","0.1787748928571428","0.17888124107142797","0.00010634821428517904","2","observation-only"
"commonmark","html","literal-brackets","512","wall-ms-per-call","","ea48204fadb46e751fbe147edf3eb27d035eaa0e558910b9b19e9affb482d09e","[0.3613572500000011,0.3590915781249997]","[0.359167453125,0.36289609375000254]","0.3590915781249997","0.3613572500000011","0.002265671875001374","1","observation-only"
"commonmark","html","literal-brackets","1024","wall-ms-per-call","","9f1377f7f3a102ca46d8032bfad8045ca194bb8d0c4f4b6e4a89896fcf130e67","[0.7192836562500062,0.7272477187500002]","[0.7382325937499985,0.7436784375000016]","0.7192836562500062","0.7272477187500002","0.007964062499993929","2","observation-only"
"carve","parse","inline-links","128","wall-ms-per-call","","cb0768aa8181699fc1627c450dfaedef4ac27fd6fa1e6ff87a20c11f3d3dacc5","[1.4231978124999998,1.5201131250000017]","[1.4176940625000007,1.4479286874999993]","1.4231978124999998","1.5201131250000017","0.09691531250000196","0","observation-only"
"carve","parse","inline-links","256","wall-ms-per-call","","2f6dcb68da3c135759db522476ad934e68295f2862841b095b3fa165deff2e59","[2.5700308125000006,2.663633875000002]","[2.449077687500001,2.4095336875000015]","2.5700308125000006","2.663633875000002","0.0936030625000015","0","observation-only"
"carve","parse","inline-links","512","wall-ms-per-call","","31014bccb8a4265a654e2a30c8dc738e8b5ae7ba8024cfb6b4da2443db7517fa","[3.847030812500009,4.268781312499996]","[3.912446375000002,3.7167560624999965]","3.847030812500009","4.268781312499996","0.4217504999999875","0","observation-only"
"carve","parse","inline-links","1024","wall-ms-per-call","","f1e44ca5d2b4a5e934cae52c2450bf8e75ce19b18163ac946991956636719598","[7.327163624999997,7.074457625000008]","[6.577032687499994,6.419025750000003]","7.074457625000008","7.327163624999997","0.2527059999999892","0","observation-only"
"djot","parse","inline-links","128","wall-ms-per-call","","cb0768aa8181699fc1627c450dfaedef4ac27fd6fa1e6ff87a20c11f3d3dacc5","[1.6837665000000008,1.6147354374999985]","[1.3462965624999974,1.0954073437500007]","1.6147354374999985","1.6837665000000008","0.06903106250000235","0","observation-only"
"djot","parse","inline-links","256","wall-ms-per-call","","2f6dcb68da3c135759db522476ad934e68295f2862841b095b3fa165deff2e59","[2.7007073125000005,2.7151244374999948]","[2.3663919374999978,2.4848978125000016]","2.7007073125000005","2.7151244374999948","0.014417124999994257","0","observation-only"
"djot","parse","inline-links","512","wall-ms-per-call","","31014bccb8a4265a654e2a30c8dc738e8b5ae7ba8024cfb6b4da2443db7517fa","[3.9353143124999974,3.9839163125]","[3.929788937500007,4.030847812499999]","3.9353143124999974","3.9839163125","0.04860200000000248","1","observation-only"
"djot","parse","inline-links","1024","wall-ms-per-call","","f1e44ca5d2b4a5e934cae52c2450bf8e75ce19b18163ac946991956636719598","[6.139029687500013,6.083126437499999]","[5.894686249999992,5.758186249999994]","6.083126437499999","6.139029687500013","0.05590325000001428","0","observation-only"
"commonmark","parse","inline-links","128","wall-ms-per-call","","cb0768aa8181699fc1627c450dfaedef4ac27fd6fa1e6ff87a20c11f3d3dacc5","[0.1805216607142854,0.18368983928571428]","[0.19883382142857137,0.19783746428571444]","0.1805216607142854","0.18368983928571428","0.00316817857142887","2","observation-only"
"commonmark","parse","inline-links","256","wall-ms-per-call","","2f6dcb68da3c135759db522476ad934e68295f2862841b095b3fa165deff2e59","[0.35771696874999925,0.3622937031249993]","[0.3912821093750001,0.40102890624999965]","0.35771696874999925","0.3622937031249993","0.004576734375000058","2","observation-only"
"commonmark","parse","inline-links","512","wall-ms-per-call","","31014bccb8a4265a654e2a30c8dc738e8b5ae7ba8024cfb6b4da2443db7517fa","[0.7063709687499937,0.7185144062500015]","[0.7759401875000052,0.7936937187499993]","0.7063709687499937","0.7185144062500015","0.012143437500007792","2","observation-only"
"commonmark","parse","inline-links","1024","wall-ms-per-call","","f1e44ca5d2b4a5e934cae52c2450bf8e75ce19b18163ac946991956636719598","[1.4275728749999956,1.4614728750000126]","[1.563931687500002,1.5936398749999938]","1.4275728749999956","1.4614728750000126","0.03390000000001692","2","observation-only"
"carve","render","inline-links","128","wall-ms-per-call","","cb0768aa8181699fc1627c450dfaedef4ac27fd6fa1e6ff87a20c11f3d3dacc5","[0.28586975000000053,0.29147291250000007]","[0.2755339624999998,0.2665503375]","0.28586975000000053","0.29147291250000007","0.005603162499999537","0","observation-only"
"carve","render","inline-links","256","wall-ms-per-call","","2f6dcb68da3c135759db522476ad934e68295f2862841b095b3fa165deff2e59","[0.5856179583333324,0.580250604166667]","[0.5447200833333335,0.5221945]","0.580250604166667","0.5856179583333324","0.00536735416666545","0","observation-only"
"carve","render","inline-links","512","wall-ms-per-call","","31014bccb8a4265a654e2a30c8dc738e8b5ae7ba8024cfb6b4da2443db7517fa","[1.165173906249997,1.1646225937500034]","[1.0772844062500013,1.090967656250001]","1.1646225937500034","1.165173906249997","0.0005513124999936281","0","observation-only"
"carve","render","inline-links","1024","wall-ms-per-call","","f1e44ca5d2b4a5e934cae52c2450bf8e75ce19b18163ac946991956636719598","[2.2929168125000103,2.2609836249999944]","[2.219922249999996,2.195390749999987]","2.2609836249999944","2.2929168125000103","0.03193318750001595","0","observation-only"
"djot","render","inline-links","128","wall-ms-per-call","","cb0768aa8181699fc1627c450dfaedef4ac27fd6fa1e6ff87a20c11f3d3dacc5","[0.05847255681818195,0.08006131640625003]","[0.08074350000000008,0.06297164062500009]","0.05847255681818195","0.08006131640625003","0.02158875958806808","1","observation-only"
"djot","render","inline-links","256","wall-ms-per-call","","2f6dcb68da3c135759db522476ad934e68295f2862841b095b3fa165deff2e59","[0.12884743181818176,0.14368981944444434]","[0.13877002500000019,0.13748816875000003]","0.12884743181818176","0.14368981944444434","0.014842387626262582","0","observation-only"
"djot","render","inline-links","512","wall-ms-per-call","","31014bccb8a4265a654e2a30c8dc738e8b5ae7ba8024cfb6b4da2443db7517fa","[0.26070217500000015,0.26336693750000106]","[0.2541489375000026,0.2558985750000005]","0.26070217500000015","0.26336693750000106","0.0026647625000009167","0","observation-only"
"djot","render","inline-links","1024","wall-ms-per-call","","f1e44ca5d2b4a5e934cae52c2450bf8e75ce19b18163ac946991956636719598","[0.490414604166664,0.4791498749999998]","[0.5223233958333348,0.49923793749999845]","0.4791498749999998","0.490414604166664","0.011264729166664211","2","observation-only"
"commonmark","render","inline-links","128","wall-ms-per-call","","cb0768aa8181699fc1627c450dfaedef4ac27fd6fa1e6ff87a20c11f3d3dacc5","[0.06118080952380941,0.0606108065476192]","[0.06652112828947385,0.06581686513157897]","0.0606108065476192","0.06118080952380941","0.0005700029761902051","2","observation-only"
"commonmark","render","inline-links","256","wall-ms-per-call","","2f6dcb68da3c135759db522476ad934e68295f2862841b095b3fa165deff2e59","[0.13144990624999978,0.12440721022727272]","[0.13104457499999994,0.13115178125]","0.12440721022727272","0.13144990624999978","0.007042696022727057","0","observation-only"
"commonmark","render","inline-links","512","wall-ms-per-call","","31014bccb8a4265a654e2a30c8dc738e8b5ae7ba8024cfb6b4da2443db7517fa","[0.2578724875000006,0.2481669270833322]","[0.2653919375000015,0.2642860249999984]","0.2481669270833322","0.2578724875000006","0.009705560416668368","2","observation-only"
"commonmark","render","inline-links","1024","wall-ms-per-call","","f1e44ca5d2b4a5e934cae52c2450bf8e75ce19b18163ac946991956636719598","[0.506897458333332,0.4946665416666652]","[0.5417905208333309,0.5450946249999996]","0.4946665416666652","0.506897458333332","0.012230916666666813","2","observation-only"
"carve","html","inline-links","128","wall-ms-per-call","","cb0768aa8181699fc1627c450dfaedef4ac27fd6fa1e6ff87a20c11f3d3dacc5","[0.45034570833333376,0.44102677083333336]","[0.37426743750000036,0.3787126875000002]","0.44102677083333336","0.45034570833333376","0.009318937500000402","0","observation-only"
"carve","html","inline-links","256","wall-ms-per-call","","2f6dcb68da3c135759db522476ad934e68295f2862841b095b3fa165deff2e59","[0.8218396249999991,0.8051955937500033]","[0.7292240312499985,0.741048124999999]","0.8051955937500033","0.8218396249999991","0.016644031249995805","0","observation-only"
"carve","html","inline-links","512","wall-ms-per-call","","31014bccb8a4265a654e2a30c8dc738e8b5ae7ba8024cfb6b4da2443db7517fa","[1.5747509374999993,1.624222812499994]","[1.5111384374999943,1.4778921874999895]","1.5747509374999993","1.624222812499994","0.049471874999994725","0","observation-only"
"carve","html","inline-links","1024","wall-ms-per-call","","f1e44ca5d2b4a5e934cae52c2450bf8e75ce19b18163ac946991956636719598","[2.9028818749999914,3.1256566249999906]","[2.922216750000004,2.9774608749999913]","2.9028818749999914","3.1256566249999906","0.22277474999999924","0","observation-only"
"djot","html","inline-links","128","wall-ms-per-call","","cb0768aa8181699fc1627c450dfaedef4ac27fd6fa1e6ff87a20c11f3d3dacc5","[1.8681224999999984,1.906934875000001]","[1.7451680624999995,1.6974298125000011]","1.8681224999999984","1.906934875000001","0.038812375000002675","0","observation-only"
"djot","html","inline-links","256","wall-ms-per-call","","2f6dcb68da3c135759db522476ad934e68295f2862841b095b3fa165deff2e59","[3.125982624999999,3.0442386249999984]","[2.9574556875000013,2.8824764999999957]","3.0442386249999984","3.125982624999999","0.08174400000000048","0","observation-only"
"djot","html","inline-links","512","wall-ms-per-call","","31014bccb8a4265a654e2a30c8dc738e8b5ae7ba8024cfb6b4da2443db7517fa","[4.696208124999998,4.644322500000001]","[4.666353062500008,4.417470937499999]","4.644322500000001","4.696208124999998","0.05188562499999705","0","observation-only"
"djot","html","inline-links","1024","wall-ms-per-call","","f1e44ca5d2b4a5e934cae52c2450bf8e75ce19b18163ac946991956636719598","[6.826926937500005,7.116942874999992]","[6.538719187500007,6.751151812499998]","6.826926937500005","7.116942874999992","0.29001593749998733","0","observation-only"
"commonmark","html","inline-links","128","wall-ms-per-call","","cb0768aa8181699fc1627c450dfaedef4ac27fd6fa1e6ff87a20c11f3d3dacc5","[0.248890364583333,0.26322205000000026]","[0.26671226249999974,0.2738027250000002]","0.248890364583333","0.26322205000000026","0.014331685416667267","2","observation-only"
"commonmark","html","inline-links","256","wall-ms-per-call","","2f6dcb68da3c135759db522476ad934e68295f2862841b095b3fa165deff2e59","[0.509807958333333,0.5396853541666667]","[0.5509386250000006,0.5626584791666668]","0.509807958333333","0.5396853541666667","0.02987739583333371","2","observation-only"
"commonmark","html","inline-links","512","wall-ms-per-call","","31014bccb8a4265a654e2a30c8dc738e8b5ae7ba8024cfb6b4da2443db7517fa","[0.9968493437500001,1.0615719687500018]","[1.1245100312499972,1.1471787187499984]","0.9968493437500001","1.0615719687500018","0.0647226250000017","2","observation-only"
"commonmark","html","inline-links","1024","wall-ms-per-call","","f1e44ca5d2b4a5e934cae52c2450bf8e75ce19b18163ac946991956636719598","[1.9883191874999966,2.1316455624999975]","[2.2323055625000023,2.2760271875000058]","1.9883191874999966","2.1316455624999975","0.1433263750000009","2","observation-only"
"carve","parse","sparse-definitions","128","wall-ms-per-call","","edbd8b3ee0e307504122c7402353c470a6b45c8a4151b5bbf136513fc5584aaa","[1.7833063124999988,1.702585625000001]","[1.5592729999999975,1.5378314999999994]","1.702585625000001","1.7833063124999988","0.08072068749999772","0","observation-only"
"carve","parse","sparse-definitions","256","wall-ms-per-call","","354d816785d8bb9d6f17fbd4bb5e163bf0bcbc27ec0273a172f268bd4d098687","[2.8056743125000025,2.875896124999997]","[2.5630310000000023,2.555823999999994]","2.8056743125000025","2.875896124999997","0.07022181249999448","0","observation-only"
"carve","parse","sparse-definitions","512","wall-ms-per-call","","1765fe955727ff95155a35248d9a273285e77b596577fcd623cc8318d8d5fbbd","[5.070989187500004,5.042388312500009]","[4.42637387500001,3.5115238749999946]","5.042388312500009","5.070989187500004","0.028600874999995085","0","observation-only"
"carve","parse","sparse-definitions","1024","wall-ms-per-call","","d1cb33bf9ae0a44c9898ab7c5520e2d725671ec89e481c07b272dd62e0b1ac55","[9.223794937500003,8.749554312499981]","[7.600974249999993,7.636117625000011]","8.749554312499981","9.223794937500003","0.4742406250000215","0","observation-only"
"djot","parse","sparse-definitions","128","wall-ms-per-call","","edbd8b3ee0e307504122c7402353c470a6b45c8a4151b5bbf136513fc5584aaa","[0.6840371562499996,0.7781142812499997]","[0.597431770833334,0.6440093437499996]","0.6840371562499996","0.7781142812499997","0.0940771250000001","0","observation-only"
"djot","parse","sparse-definitions","256","wall-ms-per-call","","354d816785d8bb9d6f17fbd4bb5e163bf0bcbc27ec0273a172f268bd4d098687","[1.4831481874999994,1.3811443750000052]","[1.4116826875000044,1.2983239062500012]","1.3811443750000052","1.4831481874999994","0.10200381249999424","0","observation-only"
"djot","parse","sparse-definitions","512","wall-ms-per-call","","1765fe955727ff95155a35248d9a273285e77b596577fcd623cc8318d8d5fbbd","[1.8678377500000067,1.854936437500001]","[1.8797540000000055,2.0156094999999965]","1.854936437500001","1.8678377500000067","0.012901312500005702","2","observation-only"
"djot","parse","sparse-definitions","1024","wall-ms-per-call","","d1cb33bf9ae0a44c9898ab7c5520e2d725671ec89e481c07b272dd62e0b1ac55","[4.008616250000003,4.377727375000006]","[3.9036397499999964,4.296581562499995]","4.008616250000003","4.377727375000006","0.3691111250000034","0","observation-only"
"commonmark","parse","sparse-definitions","128","wall-ms-per-call","","edbd8b3ee0e307504122c7402353c470a6b45c8a4151b5bbf136513fc5584aaa","[0.06432485625000002,0.062018720238095154]","[0.0648826968749999,0.06323049062500008]","0.062018720238095154","0.06432485625000002","0.0023061360119048663","1","observation-only"
"commonmark","parse","sparse-definitions","256","wall-ms-per-call","","354d816785d8bb9d6f17fbd4bb5e163bf0bcbc27ec0273a172f268bd4d098687","[0.12198408522727275,0.12120721590909059]","[0.1270030187499998,0.12506383124999942]","0.12120721590909059","0.12198408522727275","0.0007768693181821607","2","observation-only"
"commonmark","parse","sparse-definitions","512","wall-ms-per-call","","1765fe955727ff95155a35248d9a273285e77b596577fcd623cc8318d8d5fbbd","[0.28920483333333397,0.2670767874999996]","[0.26816421250000105,0.2675758375000015]","0.2670767874999996","0.28920483333333397","0.022128045833334387","0","observation-only"
"commonmark","parse","sparse-definitions","1024","wall-ms-per-call","","d1cb33bf9ae0a44c9898ab7c5520e2d725671ec89e481c07b272dd62e0b1ac55","[0.4842035833333351,0.4845299791666662]","[0.5209145208333344,0.4991770833333362]","0.4842035833333351","0.4845299791666662","0.00032639583333110567","2","observation-only"
"carve","render","sparse-definitions","128","wall-ms-per-call","","edbd8b3ee0e307504122c7402353c470a6b45c8a4151b5bbf136513fc5584aaa","[0.12842690625000017,0.12956542500000018]","[0.11944761931818187,0.12004043749999999]","0.12842690625000017","0.12956542500000018","0.0011385187500000116","0","observation-only"
"carve","render","sparse-definitions","256","wall-ms-per-call","","354d816785d8bb9d6f17fbd4bb5e163bf0bcbc27ec0273a172f268bd4d098687","[0.2535315749999995,0.2574866374999999]","[0.23460543749999965,0.2335890416666674]","0.2535315749999995","0.2574866374999999","0.003955062500000384","0","observation-only"
"carve","render","sparse-definitions","512","wall-ms-per-call","","1765fe955727ff95155a35248d9a273285e77b596577fcd623cc8318d8d5fbbd","[0.5131291874999988,0.5258303541666672]","[0.474168479166669,0.4728204583333356]","0.5131291874999988","0.5258303541666672","0.012701166666668429","0","observation-only"
"carve","render","sparse-definitions","1024","wall-ms-per-call","","d1cb33bf9ae0a44c9898ab7c5520e2d725671ec89e481c07b272dd62e0b1ac55","[1.0310016250000018,1.0428009999999972]","[0.9421412500000059,0.9450469374999955]","1.0310016250000018","1.0428009999999972","0.011799374999995393","0","observation-only"
"djot","render","sparse-definitions","128","wall-ms-per-call","","edbd8b3ee0e307504122c7402353c470a6b45c8a4151b5bbf136513fc5584aaa","[0.019399523076923067,0.026079399739583325]","[0.026658570478723446,0.02086871875000001]","0.019399523076923067","0.026079399739583325","0.006679876662660258","1","observation-only"
"djot","render","sparse-definitions","256","wall-ms-per-call","","354d816785d8bb9d6f17fbd4bb5e163bf0bcbc27ec0273a172f268bd4d098687","[0.04339292456896554,0.03792968750000003]","[0.04493735491071428,0.038699958333333354]","0.03792968750000003","0.04339292456896554","0.00546323706896551","1","observation-only"
"djot","render","sparse-definitions","512","wall-ms-per-call","","1765fe955727ff95155a35248d9a273285e77b596577fcd623cc8318d8d5fbbd","[0.09639455769230774,0.07947067187499979]","[0.07362428676470542,0.08525131250000015]","0.07947067187499979","0.09639455769230774","0.016923885817307957","0","observation-only"
"djot","render","sparse-definitions","1024","wall-ms-per-call","","d1cb33bf9ae0a44c9898ab7c5520e2d725671ec89e481c07b272dd62e0b1ac55","[0.21934188541666563,0.15854082812500003]","[0.1438893888888878,0.14538725694444407]","0.15854082812500003","0.21934188541666563","0.0608010572916656","0","observation-only"
"commonmark","render","sparse-definitions","128","wall-ms-per-call","","edbd8b3ee0e307504122c7402353c470a6b45c8a4151b5bbf136513fc5584aaa","[0.0258612270408163,0.025563677295918436]","[0.027631384510869578,0.027072280585106332]","0.025563677295918436","0.0258612270408163","0.00029754974489786326","2","observation-only"
"commonmark","render","sparse-definitions","256","wall-ms-per-call","","354d816785d8bb9d6f17fbd4bb5e163bf0bcbc27ec0273a172f268bd4d098687","[0.04825293749999997,0.048168718749999985]","[0.049508877403846116,0.04780336342592603]","0.048168718749999985","0.04825293749999997","0.00008421874999998274","1","observation-only"
"commonmark","render","sparse-definitions","512","wall-ms-per-call","","1765fe955727ff95155a35248d9a273285e77b596577fcd623cc8318d8d5fbbd","[0.10516721153846202,0.1045968557692305]","[0.09805685096153874,0.096525586538462]","0.1045968557692305","0.10516721153846202","0.0005703557692315203","0","observation-only"
"commonmark","render","sparse-definitions","1024","wall-ms-per-call","","d1cb33bf9ae0a44c9898ab7c5520e2d725671ec89e481c07b272dd62e0b1ac55","[0.20216278571428706,0.20286589285714335]","[0.1980481249999997,0.1947323571428561]","0.20216278571428706","0.20286589285714335","0.0007031071428562907","0","observation-only"
"carve","html","sparse-definitions","128","wall-ms-per-call","","edbd8b3ee0e307504122c7402353c470a6b45c8a4151b5bbf136513fc5584aaa","[0.17240869531249992,0.1887752857142857]","[0.16659864843750016,0.15892488281249983]","0.17240869531249992","0.1887752857142857","0.016366590401785786","0","observation-only"
"carve","html","sparse-definitions","256","wall-ms-per-call","","354d816785d8bb9d6f17fbd4bb5e163bf0bcbc27ec0273a172f268bd4d098687","[0.3495500468750006,0.34340975000000107]","[0.2863591750000012,0.3434211093750008]","0.34340975000000107","0.3495500468750006","0.006140296874999507","0","observation-only"
"carve","html","sparse-definitions","512","wall-ms-per-call","","1765fe955727ff95155a35248d9a273285e77b596577fcd623cc8318d8d5fbbd","[0.6830195312499967,0.5180452708333311]","[0.5522221250000001,0.5660245000000023]","0.5180452708333311","0.6830195312499967","0.16497426041666563","0","observation-only"
"carve","html","sparse-definitions","1024","wall-ms-per-call","","d1cb33bf9ae0a44c9898ab7c5520e2d725671ec89e481c07b272dd62e0b1ac55","[1.3992965624999982,1.3559281874999982]","[1.0646269062500053,1.0383433749999966]","1.3559281874999982","1.3992965624999982","0.043368375000000015","0","observation-only"
"djot","html","sparse-definitions","128","wall-ms-per-call","","edbd8b3ee0e307504122c7402353c470a6b45c8a4151b5bbf136513fc5584aaa","[0.8941786250000003,0.8256111874999998]","[0.6845584374999998,0.7417403749999991]","0.8256111874999998","0.8941786250000003","0.0685674375000005","0","observation-only"
"djot","html","sparse-definitions","256","wall-ms-per-call","","354d816785d8bb9d6f17fbd4bb5e163bf0bcbc27ec0273a172f268bd4d098687","[1.7654275000000013,1.766407375]","[1.342217062500005,1.4256958125000025]","1.7654275000000013","1.766407375","0.0009798749999987422","0","observation-only"
"djot","html","sparse-definitions","512","wall-ms-per-call","","1765fe955727ff95155a35248d9a273285e77b596577fcd623cc8318d8d5fbbd","[2.119021687500009,2.377812687499997]","[2.0148915624999972,1.9188240000000008]","2.119021687500009","2.377812687499997","0.258790999999988","0","observation-only"
"djot","html","sparse-definitions","1024","wall-ms-per-call","","d1cb33bf9ae0a44c9898ab7c5520e2d725671ec89e481c07b272dd62e0b1ac55","[4.205871437499994,4.829761500000004]","[4.3134651875,4.102451437499994]","4.205871437499994","4.829761500000004","0.6238900625000099","0","observation-only"
"commonmark","html","sparse-definitions","128","wall-ms-per-call","","edbd8b3ee0e307504122c7402353c470a6b45c8a4151b5bbf136513fc5584aaa","[0.0946086428571429,0.09789030288461557]","[0.09296853125,0.09733187980769223]","0.0946086428571429","0.09789030288461557","0.0032816600274726687","0","observation-only"
"commonmark","html","sparse-definitions","256","wall-ms-per-call","","354d816785d8bb9d6f17fbd4bb5e163bf0bcbc27ec0273a172f268bd4d098687","[0.17629459374999978,0.18458258928571375]","[0.18095898214285658,0.18644284821428517]","0.17629459374999978","0.18458258928571375","0.008287995535713966","1","observation-only"
"commonmark","html","sparse-definitions","512","wall-ms-per-call","","1765fe955727ff95155a35248d9a273285e77b596577fcd623cc8318d8d5fbbd","[0.3526956406250008,0.36478023437500084]","[0.36807634374999765,0.3772045937499975]","0.3526956406250008","0.36478023437500084","0.012084593750000039","2","observation-only"
"commonmark","html","sparse-definitions","1024","wall-ms-per-call","","d1cb33bf9ae0a44c9898ab7c5520e2d725671ec89e481c07b272dd62e0b1ac55","[0.7040402812499948,0.7309048750000002]","[0.7463724062500035,0.765334906249997]","0.7040402812499948","0.7309048750000002","0.026864593750005383","2","observation-only"
"carve","parse","dense-definitions","32","wall-ms-per-call","","1d6043af09da47ae4b89a5fb4b1fbaee0c3bc0a7980727e8ebc76404200a7234","[0.9357724374999989,0.8909169687499983]","[0.8690443124999998,0.8597919375000007]","0.8909169687499983","0.9357724374999989","0.04485546875000068","0","observation-only"
"carve","parse","dense-definitions","64","wall-ms-per-call","","773bba79df30beaa4ddae4d6f3a884734cfc36db82a6f4e64a32117292ede873","[1.8502626249999992,1.7613378750000024]","[1.7754738125000031,1.5764213749999954]","1.7613378750000024","1.8502626249999992","0.08892474999999678","0","observation-only"
"carve","parse","dense-definitions","128","wall-ms-per-call","","3d3760c2ccabdcd487f2d10b8a32b0da37205c89777e2a9d72176f5460b11e2a","[2.666417750000008,3.2406328749999886]","[2.6945610000000073,2.675020125000003]","2.666417750000008","3.2406328749999886","0.5742151249999807","0","observation-only"
"carve","parse","dense-definitions","256","wall-ms-per-call","","8c150fa73af6a3c26f3959db03e1ad70e527cb53e56ee83245e0755f80becd31","[5.129900250000006,5.6923264375]","[4.6985348125,5.067471749999996]","5.129900250000006","5.6923264375","0.5624261874999945","0","observation-only"
"djot","parse","dense-definitions","32","wall-ms-per-call","","1d6043af09da47ae4b89a5fb4b1fbaee0c3bc0a7980727e8ebc76404200a7234","[0.7246988437499997,0.7445589687500007]","[0.6921350312500003,0.6384115000000001]","0.7246988437499997","0.7445589687500007","0.019860125000001005","0","observation-only"
"djot","parse","dense-definitions","64","wall-ms-per-call","","773bba79df30beaa4ddae4d6f3a884734cfc36db82a6f4e64a32117292ede873","[1.5739129999999975,1.598664562500005]","[1.441827562500002,1.515308625000003]","1.5739129999999975","1.598664562500005","0.02475156250000765","0","observation-only"
"djot","parse","dense-definitions","128","wall-ms-per-call","","3d3760c2ccabdcd487f2d10b8a32b0da37205c89777e2a9d72176f5460b11e2a","[2.6216961874999924,2.4665657499999867]","[2.6021089999999987,2.3461798124999973]","2.4665657499999867","2.6216961874999924","0.15513043750000577","0","observation-only"
"djot","parse","dense-definitions","256","wall-ms-per-call","","8c150fa73af6a3c26f3959db03e1ad70e527cb53e56ee83245e0755f80becd31","[3.719819000000001,3.5139262500000115]","[3.459028187499996,3.457462750000005]","3.5139262500000115","3.719819000000001","0.20589274999998963","0","observation-only"
"commonmark","parse","dense-definitions","32","wall-ms-per-call","","1d6043af09da47ae4b89a5fb4b1fbaee0c3bc0a7980727e8ebc76404200a7234","[0.089866825892857,0.0908687098214287]","[0.08547022500000002,0.08620717083333342]","0.089866825892857","0.0908687098214287","0.0010018839285717007","0","observation-only"
"commonmark","parse","dense-definitions","64","wall-ms-per-call","","773bba79df30beaa4ddae4d6f3a884734cfc36db82a6f4e64a32117292ede873","[0.1795564375,0.18104657142857203]","[0.16689782812499931,0.16846247656250046]","0.1795564375","0.18104657142857203","0.0014901339285720294","0","observation-only"
"commonmark","parse","dense-definitions","128","wall-ms-per-call","","3d3760c2ccabdcd487f2d10b8a32b0da37205c89777e2a9d72176f5460b11e2a","[0.3605410156249995,0.3626822343750007]","[0.3441315156249978,0.33915192187500054]","0.3605410156249995","0.3626822343750007","0.0021412187500011726","0","observation-only"
"commonmark","parse","dense-definitions","256","wall-ms-per-call","","8c150fa73af6a3c26f3959db03e1ad70e527cb53e56ee83245e0755f80becd31","[0.7304033125000018,0.723909218750002]","[0.6955525624999979,0.6893271249999984]","0.723909218750002","0.7304033125000018","0.006494093749999763","0","observation-only"
"carve","render","dense-definitions","32","wall-ms-per-call","","1d6043af09da47ae4b89a5fb4b1fbaee0c3bc0a7980727e8ebc76404200a7234","[0.08475719583333353,0.08193330468749993]","[0.08043867578125008,0.08073550781250005]","0.08193330468749993","0.08475719583333353","0.002823891145833604","0","observation-only"
"carve","render","dense-definitions","64","wall-ms-per-call","","773bba79df30beaa4ddae4d6f3a884734cfc36db82a6f4e64a32117292ede873","[0.16396844531250032,0.16204443749999964]","[0.15894957031250012,0.15960546093749972]","0.16204443749999964","0.16396844531250032","0.0019240078125006832","0","observation-only"
"carve","render","dense-definitions","128","wall-ms-per-call","","3d3760c2ccabdcd487f2d10b8a32b0da37205c89777e2a9d72176f5460b11e2a","[0.32830790625000006,0.35913940624999796]","[0.31759548437499774,0.3245839531249999]","0.32830790625000006","0.35913940624999796","0.030831499999997902","0","observation-only"
"carve","render","dense-definitions","256","wall-ms-per-call","","8c150fa73af6a3c26f3959db03e1ad70e527cb53e56ee83245e0755f80becd31","[0.7482430937499984,0.6581643124999985]","[0.6441559374999954,0.7362415937500018]","0.6581643124999985","0.7482430937499984","0.0900787812499999","0","observation-only"
"djot","render","dense-definitions","32","wall-ms-per-call","","1d6043af09da47ae4b89a5fb4b1fbaee0c3bc0a7980727e8ebc76404200a7234","[0.01905721306818181,0.017163872431506876]","[0.015885024525316444,0.015880863924050602]","0.017163872431506876","0.01905721306818181","0.0018933406366749353","0","observation-only"
"djot","render","dense-definitions","64","wall-ms-per-call","","773bba79df30beaa4ddae4d6f3a884734cfc36db82a6f4e64a32117292ede873","[0.03156322031250003,0.03289653947368434]","[0.03228130929487167,0.03153778281249995]","0.03156322031250003","0.03289653947368434","0.0013333191611843084","0","observation-only"
"djot","render","dense-definitions","128","wall-ms-per-call","","3d3760c2ccabdcd487f2d10b8a32b0da37205c89777e2a9d72176f5460b11e2a","[0.09832843269230715,0.06665100657894722]","[0.06368985937500042,0.0845386]","0.06665100657894722","0.09832843269230715","0.03167742611335993","0","observation-only"
"djot","render","dense-definitions","256","wall-ms-per-call","","8c150fa73af6a3c26f3959db03e1ad70e527cb53e56ee83245e0755f80becd31","[0.11912363636363534,0.16398104687500137]","[0.1459758194444447,0.12773321874999938]","0.11912363636363534","0.16398104687500137","0.04485741051136603","0","observation-only"
"commonmark","render","dense-definitions","32","wall-ms-per-call","","1d6043af09da47ae4b89a5fb4b1fbaee0c3bc0a7980727e8ebc76404200a7234","[0.01248626732673269,0.013282137500000003]","[0.012961157216494821,0.01284414540816329]","0.01248626732673269","0.013282137500000003","0.0007958701732673126","0","observation-only"
"commonmark","render","dense-definitions","64","wall-ms-per-call","","773bba79df30beaa4ddae4d6f3a884734cfc36db82a6f4e64a32117292ede873","[0.024741346813725498,0.025434696250000003]","[0.025671517857142764,0.026095604166666675]","0.024741346813725498","0.025434696250000003","0.0006933494362745055","2","observation-only"
"commonmark","render","dense-definitions","128","wall-ms-per-call","","3d3760c2ccabdcd487f2d10b8a32b0da37205c89777e2a9d72176f5460b11e2a","[0.049863971153846234,0.05385440625000015]","[0.05210909635416646,0.05173060749999991]","0.049863971153846234","0.05385440625000015","0.003990435096153919","0","observation-only"
"commonmark","render","dense-definitions","256","wall-ms-per-call","","8c150fa73af6a3c26f3959db03e1ad70e527cb53e56ee83245e0755f80becd31","[0.1040262596153842,0.10927143749999975]","[0.10463443749999968,0.10542504166666689]","0.1040262596153842","0.10927143749999975","0.005245177884615551","0","observation-only"
"carve","html","dense-definitions","32","wall-ms-per-call","","1d6043af09da47ae4b89a5fb4b1fbaee0c3bc0a7980727e8ebc76404200a7234","[1.2005544374999992,1.342811687500003]","[1.3063313124999993,1.2005861562500009]","1.2005544374999992","1.342811687500003","0.14225725000000367","0","observation-only"
"carve","html","dense-definitions","64","wall-ms-per-call","","773bba79df30beaa4ddae4d6f3a884734cfc36db82a6f4e64a32117292ede873","[2.4727272500000055,2.645227937499996]","[2.1707495624999993,2.1007577499999996]","2.4727272500000055","2.645227937499996","0.1725006874999906","0","observation-only"
"carve","html","dense-definitions","128","wall-ms-per-call","","3d3760c2ccabdcd487f2d10b8a32b0da37205c89777e2a9d72176f5460b11e2a","[4.297060999999999,4.142148124999991]","[4.021342125000004,3.8424806250000074]","4.142148124999991","4.297060999999999","0.15491287500000794","0","observation-only"
"carve","html","dense-definitions","256","wall-ms-per-call","","8c150fa73af6a3c26f3959db03e1ad70e527cb53e56ee83245e0755f80becd31","[6.725744812499997,7.2197468749999985]","[6.337187937500005,6.089437625000002]","6.725744812499997","7.2197468749999985","0.49400206250000167","0","observation-only"
"djot","html","dense-definitions","32","wall-ms-per-call","","1d6043af09da47ae4b89a5fb4b1fbaee0c3bc0a7980727e8ebc76404200a7234","[0.83142759375,0.8693335937499995]","[0.7353856874999991,0.7060861874999986]","0.83142759375","0.8693335937499995","0.03790599999999955","0","observation-only"
"djot","html","dense-definitions","64","wall-ms-per-call","","773bba79df30beaa4ddae4d6f3a884734cfc36db82a6f4e64a32117292ede873","[1.5730789375,1.7404399374999997]","[1.657764562500006,1.5905028750000056]","1.5730789375","1.7404399374999997","0.16736099999999965","0","observation-only"
"djot","html","dense-definitions","128","wall-ms-per-call","","3d3760c2ccabdcd487f2d10b8a32b0da37205c89777e2a9d72176f5460b11e2a","[2.1761340624999974,2.7384958125000054]","[2.50543268749999,2.523253374999996]","2.1761340624999974","2.7384958125000054","0.562361750000008","0","observation-only"
"djot","html","dense-definitions","256","wall-ms-per-call","","8c150fa73af6a3c26f3959db03e1ad70e527cb53e56ee83245e0755f80becd31","[3.5916299375000023,3.8358898124999996]","[3.766488562500001,3.7134534375000072]","3.5916299375000023","3.8358898124999996","0.24425987499999735","0","observation-only"
"commonmark","html","dense-definitions","32","wall-ms-per-call","","1d6043af09da47ae4b89a5fb4b1fbaee0c3bc0a7980727e8ebc76404200a7234","[0.1058514218749999,0.10593579687500003]","[0.10174523076923073,0.10144443269230763]","0.1058514218749999","0.10593579687500003","0.00008437500000013642","0","observation-only"
"commonmark","html","dense-definitions","64","wall-ms-per-call","","773bba79df30beaa4ddae4d6f3a884734cfc36db82a6f4e64a32117292ede873","[0.2103011354166663,0.21191489583333242]","[0.19917696428571421,0.2026778125000003]","0.2103011354166663","0.21191489583333242","0.0016137604166661101","0","observation-only"
"commonmark","html","dense-definitions","128","wall-ms-per-call","","3d3760c2ccabdcd487f2d10b8a32b0da37205c89777e2a9d72176f5460b11e2a","[0.414805078125001,0.41784187499999703]","[0.3971962343749986,0.3982765781249995]","0.414805078125001","0.41784187499999703","0.0030367968749960284","0","observation-only"
"commonmark","html","dense-definitions","256","wall-ms-per-call","","8c150fa73af6a3c26f3959db03e1ad70e527cb53e56ee83245e0755f80becd31","[0.8409364687499945,0.8531741562499988]","[0.8165192187500026,0.8255300625000004]","0.8409364687499945","0.8531741562499988","0.012237687500004313","0","observation-only"
"carve","parse","long-unicode","1024","wall-ms-per-call","","8ef5dc479d06de634602d7431eb9891722dea7dceb1e47b960acf56b71f8cf1b","[0.13369725625000015,0.14147314583333348]","[0.1261667062499999,0.12416612499999986]","0.13369725625000015","0.14147314583333348","0.007775889583333334","0","observation-only"
"carve","parse","long-unicode","2048","wall-ms-per-call","","10b952a4c0ca36dbb43da88cf8281c5dacf5e5fdb4fb11da7ed11b0a8a6600ba","[0.23452418749999993,0.24066426041666608]","[0.2168571874999993,0.21669079166666685]","0.23452418749999993","0.24066426041666608","0.006140072916666156","0","observation-only"
"carve","parse","long-unicode","4096","wall-ms-per-call","","56b9164241414ff4f689856fe190f6e15ec848c5b5a99c2fd345b05ddccbe90c","[0.45199402083333,0.45259431249999693]","[0.42019577083333576,0.41892858333333055]","0.45199402083333","0.45259431249999693","0.0006002916666669189","0","observation-only"
"carve","parse","long-unicode","8192","wall-ms-per-call","","113b064c011e5809c0f603ba291abd3311c1f6a589e30b717cb905d29e809f5e","[0.8884463750000009,0.8884088124999963]","[0.826433843750003,0.8788140624999983]","0.8884088124999963","0.8884463750000009","0.00003756250000463979","0","observation-only"
"djot","parse","long-unicode","1024","wall-ms-per-call","","8ef5dc479d06de634602d7431eb9891722dea7dceb1e47b960acf56b71f8cf1b","[0.06730378289473686,0.06982670486111114]","[0.06143666369047619,0.0630170968749999]","0.06730378289473686","0.06982670486111114","0.0025229219663742836","0","observation-only"
"djot","parse","long-unicode","2048","wall-ms-per-call","","10b952a4c0ca36dbb43da88cf8281c5dacf5e5fdb4fb11da7ed11b0a8a6600ba","[0.10436586458333312,0.09856666826923052]","[0.10490772916666617,0.10452917187500017]","0.09856666826923052","0.10436586458333312","0.005799196314102598","2","observation-only"
"djot","parse","long-unicode","4096","wall-ms-per-call","","56b9164241414ff4f689856fe190f6e15ec848c5b5a99c2fd345b05ddccbe90c","[0.1799969107142861,0.1658905781250013]","[0.1785918482142839,0.18143030357142972]","0.1658905781250013","0.1799969107142861","0.014106332589284815","1","observation-only"
"djot","parse","long-unicode","8192","wall-ms-per-call","","113b064c011e5809c0f603ba291abd3311c1f6a589e30b717cb905d29e809f5e","[0.3280953281250021,0.3332556406249978]","[0.3284693593749992,0.3269292500000027]","0.3280953281250021","0.3332556406249978","0.005160312499995712","0","observation-only"
"commonmark","parse","long-unicode","1024","wall-ms-per-call","","8ef5dc479d06de634602d7431eb9891722dea7dceb1e47b960acf56b71f8cf1b","[0.02122667902542372,0.021056548958333348]","[0.02365911084905661,0.021966709429824555]","0.021056548958333348","0.02122667902542372","0.00017013006709037243","2","observation-only"
"commonmark","parse","long-unicode","2048","wall-ms-per-call","","10b952a4c0ca36dbb43da88cf8281c5dacf5e5fdb4fb11da7ed11b0a8a6600ba","[0.03989424609374992,0.04010920117187511]","[0.04191094791666667,0.042511020833333406]","0.03989424609374992","0.04010920117187511","0.00021495507812518966","2","observation-only"
"commonmark","parse","long-unicode","4096","wall-ms-per-call","","56b9164241414ff4f689856fe190f6e15ec848c5b5a99c2fd345b05ddccbe90c","[0.07887114453125044,0.0795438945312501]","[0.08292801171874942,0.08299957812500036]","0.07887114453125044","0.0795438945312501","0.0006727499999996667","2","observation-only"
"commonmark","parse","long-unicode","8192","wall-ms-per-call","","113b064c011e5809c0f603ba291abd3311c1f6a589e30b717cb905d29e809f5e","[0.22928745833333153,0.22997553125000061]","[0.20988943750000053,0.2097873958333333]","0.22928745833333153","0.22997553125000061","0.0006880729166690858","0","observation-only"
"carve","render","long-unicode","1024","wall-ms-per-call","","8ef5dc479d06de634602d7431eb9891722dea7dceb1e47b960acf56b71f8cf1b","[0.017545410590277772,0.01849599908088236]","[0.02090674375000005,0.018998354166666696]","0.017545410590277772","0.01849599908088236","0.0009505884906045869","2","observation-only"
"carve","render","long-unicode","2048","wall-ms-per-call","","10b952a4c0ca36dbb43da88cf8281c5dacf5e5fdb4fb11da7ed11b0a8a6600ba","[0.03278152243589753,0.03245244551282047]","[0.036774665441176614,0.034969826388888826]","0.03245244551282047","0.03278152243589753","0.0003290769230770568","2","observation-only"
"carve","render","long-unicode","4096","wall-ms-per-call","","56b9164241414ff4f689856fe190f6e15ec848c5b5a99c2fd345b05ddccbe90c","[0.06289221875000024,0.06344867187499972]","[0.07386157352941158,0.07065861458333383]","0.06289221875000024","0.06344867187499972","0.0005564531249994814","2","observation-only"
"carve","render","long-unicode","8192","wall-ms-per-call","","113b064c011e5809c0f603ba291abd3311c1f6a589e30b717cb905d29e809f5e","[0.12415246590909006,0.1233355909090906]","[0.14630487500000003,0.1502858541666667]","0.1233355909090906","0.12415246590909006","0.0008168749999994535","2","observation-only"
"djot","render","long-unicode","1024","wall-ms-per-call","","8ef5dc479d06de634602d7431eb9891722dea7dceb1e47b960acf56b71f8cf1b","[0.006987393854748616,0.00689106078296704]","[0.006730572580645149,0.006450304445876292]","0.00689106078296704","0.006987393854748616","0.000096333071781576","0","observation-only"
"djot","render","long-unicode","2048","wall-ms-per-call","","10b952a4c0ca36dbb43da88cf8281c5dacf5e5fdb4fb11da7ed11b0a8a6600ba","[0.014132365168539355,0.01333327393617018]","[0.013856779532967043,0.015114676957831287]","0.01333327393617018","0.014132365168539355","0.000799091232369176","1","observation-only"
"djot","render","long-unicode","4096","wall-ms-per-call","","56b9164241414ff4f689856fe190f6e15ec848c5b5a99c2fd345b05ddccbe90c","[0.026245062500000138,0.026630230053191352]","[0.02521396750000008,0.03138682031250006]","0.026245062500000138","0.026630230053191352","0.0003851675531912138","1","observation-only"
"djot","render","long-unicode","8192","wall-ms-per-call","","113b064c011e5809c0f603ba291abd3311c1f6a589e30b717cb905d29e809f5e","[0.05522355706521741,0.05442216304347841]","[0.05069620249999957,0.050555777499999975]","0.05442216304347841","0.05522355706521741","0.0008013940217389964","0","observation-only"
"commonmark","render","long-unicode","1024","wall-ms-per-call","","8ef5dc479d06de634602d7431eb9891722dea7dceb1e47b960acf56b71f8cf1b","[0.0060983137195121835,0.006090881674757291]","[0.005820641860465117,0.005826876162790706]","0.006090881674757291","0.0060983137195121835","0.000007432044754892425","0","observation-only"
"commonmark","render","long-unicode","2048","wall-ms-per-call","","10b952a4c0ca36dbb43da88cf8281c5dacf5e5fdb4fb11da7ed11b0a8a6600ba","[0.011968735714285658,0.01199016250000005]","[0.011378814204545503,0.011416265340909088]","0.011968735714285658","0.01199016250000005","0.00002142678571439259","0","observation-only"
"commonmark","render","long-unicode","4096","wall-ms-per-call","","56b9164241414ff4f689856fe190f6e15ec848c5b5a99c2fd345b05ddccbe90c","[0.023653199292452947,0.023654793632075583]","[0.02257398549107137,0.02257659486607138]","0.023653199292452947","0.023654793632075583","0.000001594339622636165","0","observation-only"
"commonmark","render","long-unicode","8192","wall-ms-per-call","","113b064c011e5809c0f603ba291abd3311c1f6a589e30b717cb905d29e809f5e","[0.04694704166666689,0.04694743518518547]","[0.04477192857142853,0.044827060267857224]","0.04694704166666689","0.04694743518518547","3.935185185766077e-7","0","observation-only"
"carve","html","long-unicode","1024","wall-ms-per-call","","8ef5dc479d06de634602d7431eb9891722dea7dceb1e47b960acf56b71f8cf1b","[0.17213749218749985,0.17372647656249995]","[0.16089778124999965,0.16213651562499987]","0.17213749218749985","0.17372647656249995","0.001588984375000102","0","observation-only"
"carve","html","long-unicode","2048","wall-ms-per-call","","10b952a4c0ca36dbb43da88cf8281c5dacf5e5fdb4fb11da7ed11b0a8a6600ba","[0.29088216250000015,0.2922529874999995]","[0.27255777499999995,0.27269691249999967]","0.29088216250000015","0.2922529874999995","0.0013708249999993538","0","observation-only"
"carve","html","long-unicode","4096","wall-ms-per-call","","56b9164241414ff4f689856fe190f6e15ec848c5b5a99c2fd345b05ddccbe90c","[0.5356648749999996,0.5433338541666662]","[0.5099962916666669,0.5145772500000021]","0.5356648749999996","0.5433338541666662","0.007668979166666645","0","observation-only"
"carve","html","long-unicode","8192","wall-ms-per-call","","113b064c011e5809c0f603ba291abd3311c1f6a589e30b717cb905d29e809f5e","[1.0222279687499949,1.023477156250003]","[0.9919978124999957,0.9881600312500041]","1.0222279687499949","1.023477156250003","0.00124918750000802","0","observation-only"
"djot","html","long-unicode","1024","wall-ms-per-call","","8ef5dc479d06de634602d7431eb9891722dea7dceb1e47b960acf56b71f8cf1b","[0.07555161397058813,0.07251011458333344]","[0.07144667105263156,0.07179365277777786]","0.07251011458333344","0.07555161397058813","0.0030414993872546897","0","observation-only"
"djot","html","long-unicode","2048","wall-ms-per-call","","10b952a4c0ca36dbb43da88cf8281c5dacf5e5fdb4fb11da7ed11b0a8a6600ba","[0.1180247556818185,0.11775827840909094]","[0.1143458863636362,0.11011377083333329]","0.11775827840909094","0.1180247556818185","0.00026647727272756383","0","observation-only"
"djot","html","long-unicode","4096","wall-ms-per-call","","56b9164241414ff4f689856fe190f6e15ec848c5b5a99c2fd345b05ddccbe90c","[0.21025553124999993,0.19796632142857057]","[0.2019873749999996,0.19394202678571407]","0.19796632142857057","0.21025553124999993","0.012289209821429364","0","observation-only"
"djot","html","long-unicode","8192","wall-ms-per-call","","113b064c011e5809c0f603ba291abd3311c1f6a589e30b717cb905d29e809f5e","[0.3596055156249989,0.38277389062500333]","[0.37732909374999934,0.38437492187500055]","0.3596055156249989","0.38277389062500333","0.02316837500000446","1","observation-only"
"commonmark","html","long-unicode","1024","wall-ms-per-call","","8ef5dc479d06de634602d7431eb9891722dea7dceb1e47b960acf56b71f8cf1b","[0.029704545454545504,0.027176243206521726]","[0.02682377526595749,0.0278824736111111]","0.027176243206521726","0.029704545454545504","0.0025283022480237782","0","observation-only"
"commonmark","html","long-unicode","2048","wall-ms-per-call","","10b952a4c0ca36dbb43da88cf8281c5dacf5e5fdb4fb11da7ed11b0a8a6600ba","[0.05207428749999991,0.05211303645833324]","[0.054549307291666516,0.051668669999999965]","0.05207428749999991","0.05211303645833324","0.00003874895833332753","1","observation-only"
"commonmark","html","long-unicode","4096","wall-ms-per-call","","56b9164241414ff4f689856fe190f6e15ec848c5b5a99c2fd345b05ddccbe90c","[0.1038016105769236,0.10334200000000002]","[0.10660283854166745,0.10184808173076913]","0.10334200000000002","0.1038016105769236","0.00045961057692357754","1","observation-only"
"commonmark","html","long-unicode","8192","wall-ms-per-call","","113b064c011e5809c0f603ba291abd3311c1f6a589e30b717cb905d29e809f5e","[0.27941511250000134,0.28298442500000076]","[0.25595215000000165,0.25314576250000015]","0.27941511250000134","0.28298442500000076","0.003569312499999422","0","observation-only"
"carve","parse","unicode-paragraphs","128","wall-ms-per-call","","42a41d94d80d7cbd89affb1e1f38d1f2e06df9664ab349823ab3c552d4c3e792","[0.8177939062500013,0.8331343125000004]","[0.7322925937499996,0.7136066249999988]","0.8177939062500013","0.8331343125000004","0.015340406249999106","0","observation-only"
"carve","parse","unicode-paragraphs","256","wall-ms-per-call","","4610b063bfe32762ce84b573ec0a41080594561b4506d4e2223f45c86998c51b","[1.577139625000001,1.652572874999997]","[1.3579885624999974,1.4243124374999994]","1.577139625000001","1.652572874999997","0.07543324999999612","0","observation-only"
"carve","parse","unicode-paragraphs","512","wall-ms-per-call","","b6d4b40b4d18e25b8631f97b5ceae6dbb3c9b6f727fab41159c149819322958b","[2.5887817499999954,2.5786590624999945]","[2.234044562500003,2.3908116875000047]","2.5786590624999945","2.5887817499999954","0.010122687500000893","0","observation-only"
"carve","parse","unicode-paragraphs","1024","wall-ms-per-call","","c63ce6cfa75389bbd6dc822e387178248458748162c865d4344dae066148214e","[4.407675874999995,4.558376374999995]","[4.069932312500001,4.02697118750001]","4.407675874999995","4.558376374999995","0.15070049999999924","0","observation-only"
"djot","parse","unicode-paragraphs","128","wall-ms-per-call","","42a41d94d80d7cbd89affb1e1f38d1f2e06df9664ab349823ab3c552d4c3e792","[0.8094691249999979,0.763730656249999]","[0.6588094687500003,0.7085281875000007]","0.763730656249999","0.8094691249999979","0.04573846874999887","0","observation-only"
"djot","parse","unicode-paragraphs","256","wall-ms-per-call","","4610b063bfe32762ce84b573ec0a41080594561b4506d4e2223f45c86998c51b","[1.4908223750000005,1.479143624999999]","[1.3417955000000035,1.4229511875000043]","1.479143624999999","1.4908223750000005","0.011678750000001514","0","observation-only"
"djot","parse","unicode-paragraphs","512","wall-ms-per-call","","b6d4b40b4d18e25b8631f97b5ceae6dbb3c9b6f727fab41159c149819322958b","[2.1148901250000023,1.7836511874999985]","[1.7200475000000068,2.3626016875000033]","1.7836511874999985","2.1148901250000023","0.33123893750000377","1","observation-only"
"djot","parse","unicode-paragraphs","1024","wall-ms-per-call","","c63ce6cfa75389bbd6dc822e387178248458748162c865d4344dae066148214e","[3.9807768750000037,4.366518562500005]","[3.5379788125000005,3.515562187499995]","3.9807768750000037","4.366518562500005","0.38574168750000126","0","observation-only"
"commonmark","parse","unicode-paragraphs","128","wall-ms-per-call","","42a41d94d80d7cbd89affb1e1f38d1f2e06df9664ab349823ab3c552d4c3e792","[0.0759681286764707,0.0733194201388889]","[0.0715706076388888,0.07191733333333339]","0.0733194201388889","0.0759681286764707","0.002648708537581798","0","observation-only"
"commonmark","parse","unicode-paragraphs","256","wall-ms-per-call","","4610b063bfe32762ce84b573ec0a41080594561b4506d4e2223f45c86998c51b","[0.14768343750000035,0.14284336805555536]","[0.14350365277777793,0.1466564166666665]","0.14284336805555536","0.14768343750000035","0.004840069444444983","0","observation-only"
"commonmark","parse","unicode-paragraphs","512","wall-ms-per-call","","b6d4b40b4d18e25b8631f97b5ceae6dbb3c9b6f727fab41159c149819322958b","[0.3011306625000003,0.2927029749999974]","[0.2893461125000002,0.29968276250000087]","0.2927029749999974","0.3011306625000003","0.00842768750000289","0","observation-only"
"commonmark","parse","unicode-paragraphs","1024","wall-ms-per-call","","c63ce6cfa75389bbd6dc822e387178248458748162c865d4344dae066148214e","[0.5917357291666671,0.5796193958333333]","[0.5832574791666664,0.605813166666664]","0.5796193958333333","0.5917357291666671","0.012116333333333729","1","observation-only"
"carve","render","unicode-paragraphs","128","wall-ms-per-call","","42a41d94d80d7cbd89affb1e1f38d1f2e06df9664ab349823ab3c552d4c3e792","[0.10502205208333315,0.11301954687499993]","[0.10155571153846174,0.10120187019230788]","0.10502205208333315","0.11301954687499993","0.007997494791666782","0","observation-only"
"carve","render","unicode-paragraphs","256","wall-ms-per-call","","4610b063bfe32762ce84b573ec0a41080594561b4506d4e2223f45c86998c51b","[0.21301290625000036,0.2249291875000002]","[0.20452763392857168,0.2009188928571431]","0.21301290625000036","0.2249291875000002","0.011916281249999855","0","observation-only"
"carve","render","unicode-paragraphs","512","wall-ms-per-call","","b6d4b40b4d18e25b8631f97b5ceae6dbb3c9b6f727fab41159c149819322958b","[0.4300717500000009,0.45896072916666714]","[0.4090083749999991,0.3980042343749979]","0.4300717500000009","0.45896072916666714","0.028888979166666218","0","observation-only"
"carve","render","unicode-paragraphs","1024","wall-ms-per-call","","c63ce6cfa75389bbd6dc822e387178248458748162c865d4344dae066148214e","[0.8846311249999985,0.939452750000001]","[0.841121656250003,0.8292097187500005]","0.8846311249999985","0.939452750000001","0.05482162500000243","0","observation-only"
"djot","render","unicode-paragraphs","128","wall-ms-per-call","","42a41d94d80d7cbd89affb1e1f38d1f2e06df9664ab349823ab3c552d4c3e792","[0.028592852272727273,0.029224837209302353]","[0.03074007926829264,0.02787447638888886]","0.028592852272727273","0.029224837209302353","0.00063198493657508","1","observation-only"
"djot","render","unicode-paragraphs","256","wall-ms-per-call","","4610b063bfe32762ce84b573ec0a41080594561b4506d4e2223f45c86998c51b","[0.06731193092105246,0.07451890808823525]","[0.066854845394737,0.05016531499999985]","0.06731193092105246","0.07451890808823525","0.007206977167182785","0","observation-only"
"djot","render","unicode-paragraphs","512","wall-ms-per-call","","b6d4b40b4d18e25b8631f97b5ceae6dbb3c9b6f727fab41159c149819322958b","[0.130319987499999,0.11490481818181825]","[0.10557739062499986,0.1264839312499987]","0.11490481818181825","0.130319987499999","0.015415169318180766","0","observation-only"
"djot","render","unicode-paragraphs","1024","wall-ms-per-call","","c63ce6cfa75389bbd6dc822e387178248458748162c865d4344dae066148214e","[0.25887866250000113,0.2529932124999988]","[0.2581143874999981,0.2603668374999984]","0.2529932124999988","0.25887866250000113","0.005885450000002346","1","observation-only"
"commonmark","render","unicode-paragraphs","128","wall-ms-per-call","","42a41d94d80d7cbd89affb1e1f38d1f2e06df9664ab349823ab3c552d4c3e792","[0.027332358695652204,0.026907537234042544]","[0.02636462109375004,0.026820702127659593]","0.026907537234042544","0.027332358695652204","0.00042482146160965906","0","observation-only"
"commonmark","render","unicode-paragraphs","256","wall-ms-per-call","","4610b063bfe32762ce84b573ec0a41080594561b4506d4e2223f45c86998c51b","[0.0483300360576922,0.04961083413461536]","[0.04823462980769232,0.04843711778846163]","0.0483300360576922","0.04961083413461536","0.001280798076923162","0","observation-only"
"commonmark","render","unicode-paragraphs","512","wall-ms-per-call","","b6d4b40b4d18e25b8631f97b5ceae6dbb3c9b6f727fab41159c149819322958b","[0.10273221153846197,0.108782619791666]","[0.09990155288461612,0.1016445240384616]","0.10273221153846197","0.108782619791666","0.00605040825320402","0","observation-only"
"commonmark","render","unicode-paragraphs","1024","wall-ms-per-call","","c63ce6cfa75389bbd6dc822e387178248458748162c865d4344dae066148214e","[0.20889789285714194,0.2115595729166652]","[0.19693645535714463,0.19681114285714127]","0.20889789285714194","0.2115595729166652","0.002661680059523247","0","observation-only"
"carve","html","unicode-paragraphs","128","wall-ms-per-call","","42a41d94d80d7cbd89affb1e1f38d1f2e06df9664ab349823ab3c552d4c3e792","[1.5406131250000001,1.448402999999999]","[1.3184733125,1.4337183750000015]","1.448402999999999","1.5406131250000001","0.09221012500000114","0","observation-only"
"carve","html","unicode-paragraphs","256","wall-ms-per-call","","4610b063bfe32762ce84b573ec0a41080594561b4506d4e2223f45c86998c51b","[2.0618513749999963,2.0950495625000016]","[1.8969026875000026,1.8979809375000016]","2.0618513749999963","2.0950495625000016","0.03319818750000536","0","observation-only"
"carve","html","unicode-paragraphs","512","wall-ms-per-call","","b6d4b40b4d18e25b8631f97b5ceae6dbb3c9b6f727fab41159c149819322958b","[3.5617451874999944,3.6991273750000033]","[3.2375991875000096,3.2577052500000008]","3.5617451874999944","3.6991273750000033","0.13738218750000897","0","observation-only"
"carve","html","unicode-paragraphs","1024","wall-ms-per-call","","c63ce6cfa75389bbd6dc822e387178248458748162c865d4344dae066148214e","[6.777891875000009,6.409118624999991]","[5.8514878749999895,6.090172124999981]","6.409118624999991","6.777891875000009","0.36877325000001804","0","observation-only"
"djot","html","unicode-paragraphs","128","wall-ms-per-call","","42a41d94d80d7cbd89affb1e1f38d1f2e06df9664ab349823ab3c552d4c3e792","[1.2717437499999988,0.8720713124999993]","[0.8313240000000004,0.7573159687500013]","0.8720713124999993","1.2717437499999988","0.3996724374999996","0","observation-only"
"djot","html","unicode-paragraphs","256","wall-ms-per-call","","4610b063bfe32762ce84b573ec0a41080594561b4506d4e2223f45c86998c51b","[1.8727149999999995,1.809572249999995]","[1.658958187500005,1.6000420624999947]","1.809572249999995","1.8727149999999995","0.06314275000000436","0","observation-only"
"djot","html","unicode-paragraphs","512","wall-ms-per-call","","b6d4b40b4d18e25b8631f97b5ceae6dbb3c9b6f727fab41159c149819322958b","[2.0882314374999993,2.0841143749999986]","[2.0972306875000015,2.281180000000006]","2.0841143749999986","2.0882314374999993","0.004117062500000657","2","observation-only"
"djot","html","unicode-paragraphs","1024","wall-ms-per-call","","c63ce6cfa75389bbd6dc822e387178248458748162c865d4344dae066148214e","[4.252751812499994,4.309938687500008]","[4.027228500000007,3.932813437500002]","4.252751812499994","4.309938687500008","0.057186875000013515","0","observation-only"
"commonmark","html","unicode-paragraphs","128","wall-ms-per-call","","42a41d94d80d7cbd89affb1e1f38d1f2e06df9664ab349823ab3c552d4c3e792","[0.102436793269231,0.10078055769230769]","[0.10723615104166662,0.10721878124999999]","0.10078055769230769","0.102436793269231","0.0016562355769233067","2","observation-only"
"commonmark","html","unicode-paragraphs","256","wall-ms-per-call","","4610b063bfe32762ce84b573ec0a41080594561b4506d4e2223f45c86998c51b","[0.2000185000000008,0.1979475535714284]","[0.20453828571428545,0.20835869791666659]","0.1979475535714284","0.2000185000000008","0.00207094642857239","2","observation-only"
"commonmark","html","unicode-paragraphs","512","wall-ms-per-call","","b6d4b40b4d18e25b8631f97b5ceae6dbb3c9b6f727fab41159c149819322958b","[0.40721176562500006,0.39793399999999934]","[0.4293225312500013,0.43417471875000047]","0.39793399999999934","0.40721176562500006","0.009277765625000711","2","observation-only"
"commonmark","html","unicode-paragraphs","1024","wall-ms-per-call","","c63ce6cfa75389bbd6dc822e387178248458748162c865d4344dae066148214e","[0.8022612812499972,0.8055402812499963]","[0.8261368125000033,0.8363635000000045]","0.8022612812499972","0.8055402812499963","0.0032789999999991437","2","observation-only"
"carve","parse","long-line","8192","profile-worker-wall-ms-per-call","direct","a4d05b131c559eabcc1b6ca532456f6c68f0aa37d2f9f00814609d38e9c50603","[0.1011711602822581,0.10304420389344252]","[0.09860482519531244,0.09785920996093755]","0.1011711602822581","0.10304420389344252","0.0018730436111844134","0","observation-only"
"carve","parse","long-line","8192","sampled-allocation-bytes-per-call","direct","a4d05b131c559eabcc1b6ca532456f6c68f0aa37d2f9f00814609d38e9c50603","[6851.04,7572.96]","[7685.76,6487.36]","6851.04","7572.96","721.9200000000001","1","observation-only"
"carve-no-positions","parse","long-line","8192","profile-worker-wall-ms-per-call","direct","a4d05b131c559eabcc1b6ca532456f6c68f0aa37d2f9f00814609d38e9c50603","[0.10999949671052626,0.10537798541666656]","[0.10549163541666644,0.10443895104166678]","0.10537798541666656","0.10999949671052626","0.004621511293859709","0","observation-only"
"carve-no-positions","parse","long-line","8192","sampled-allocation-bytes-per-call","direct","a4d05b131c559eabcc1b6ca532456f6c68f0aa37d2f9f00814609d38e9c50603","[10003.84,11417.28]","[9257.92,10089.92]","10003.84","11417.28","1413.4400000000005","0","observation-only"
"djot","parse","long-line","8192","profile-worker-wall-ms-per-call","","a4d05b131c559eabcc1b6ca532456f6c68f0aa37d2f9f00814609d38e9c50603","[0.15762679375000008,0.15843159999999995]","[0.15409586280487794,0.15174205803571436]","0.15762679375000008","0.15843159999999995","0.0008048062499998732","0","observation-only"
"djot","parse","long-line","8192","sampled-allocation-bytes-per-call","","a4d05b131c559eabcc1b6ca532456f6c68f0aa37d2f9f00814609d38e9c50603","[15761.76,17214.08]","[16857.76,16674.24]","15761.76","17214.08","1452.3200000000015","0","observation-only"
"djot-positions","parse","long-line","8192","profile-worker-wall-ms-per-call","","a4d05b131c559eabcc1b6ca532456f6c68f0aa37d2f9f00814609d38e9c50603","[0.30075065178571403,0.2874328210227271]","[0.26504605989583335,0.2634723046875]","0.2874328210227271","0.30075065178571403","0.013317830762986926","0","observation-only"
"djot-positions","parse","long-line","8192","sampled-allocation-bytes-per-call","","a4d05b131c559eabcc1b6ca532456f6c68f0aa37d2f9f00814609d38e9c50603","[18512.16,16732.96]","[18763.52,18577.12]","16732.96","18512.16","1779.2000000000007","2","observation-only"
"commonmark","parse","long-line","8192","profile-worker-wall-ms-per-call","","a4d05b131c559eabcc1b6ca532456f6c68f0aa37d2f9f00814609d38e9c50603","[0.039279729296874996,0.03746681886227551]","[0.039518108490566015,0.03744530389221557]","0.03746681886227551","0.039279729296874996","0.0018129104345994893","1","observation-only"
"commonmark","parse","long-line","8192","sampled-allocation-bytes-per-call","","a4d05b131c559eabcc1b6ca532456f6c68f0aa37d2f9f00814609d38e9c50603","[43337.92,42749.12]","[43691.2,42998.08]","42749.12","43337.92","588.7999999999956","1","observation-only"
"carve","html","long-line","8192","profile-worker-wall-ms-per-call","direct","a4d05b131c559eabcc1b6ca532456f6c68f0aa37d2f9f00814609d38e9c50603","[0.2678943697916667,0.26751889062500034]","[0.23707788657407405,0.23606145370370382]","0.26751889062500034","0.2678943697916667","0.0003754791666663593","0","observation-only"
"carve","html","long-line","8192","sampled-allocation-bytes-per-call","direct","a4d05b131c559eabcc1b6ca532456f6c68f0aa37d2f9f00814609d38e9c50603","[44140.64,43141.92]","[44052.48,43145.6]","43141.92","44140.64","998.7200000000012","0","observation-only"
"djot","html","long-line","8192","profile-worker-wall-ms-per-call","","a4d05b131c559eabcc1b6ca532456f6c68f0aa37d2f9f00814609d38e9c50603","[0.1627399727564103,0.16245666185897442]","[0.15769705156249997,0.15706657656250017]","0.16245666185897442","0.1627399727564103","0.00028331089743588445","0","observation-only"
"djot","html","long-line","8192","sampled-allocation-bytes-per-call","","a4d05b131c559eabcc1b6ca532456f6c68f0aa37d2f9f00814609d38e9c50603","[19373.44,19960.48]","[18834.08,17424.48]","19373.44","19960.48","587.0400000000009","0","observation-only"
"commonmark","html","long-line","8192","profile-worker-wall-ms-per-call","","a4d05b131c559eabcc1b6ca532456f6c68f0aa37d2f9f00814609d38e9c50603","[0.039404142295597494,0.03975626463607594]","[0.040789992288961026,0.040855038398692825]","0.039404142295597494","0.03975626463607594","0.00035212234047844737","2","observation-only"
"commonmark","html","long-line","8192","sampled-allocation-bytes-per-call","","a4d05b131c559eabcc1b6ca532456f6c68f0aa37d2f9f00814609d38e9c50603","[43169.6,44175.84]","[42908.64,43748.96]","43169.6","44175.84","1006.239999999998","0","observation-only"
"carve","direct-html-probe","long-line","8192","profile-worker-wall-ms-per-call","direct","a4d05b131c559eabcc1b6ca532456f6c68f0aa37d2f9f00814609d38e9c50603","[0.27016970572916676,0.2673113385416667]","[0.23501760648148173,0.23622399305555555]","0.2673113385416667","0.27016970572916676","0.002858367187500044","0","observation-only"
"carve","direct-html-probe","long-line","8192","sampled-allocation-bytes-per-call","direct","a4d05b131c559eabcc1b6ca532456f6c68f0aa37d2f9f00814609d38e9c50603","[43304.8,42646.24]","[43640,43060.32]","42646.24","43304.8","658.560000000005","1","observation-only"
"carve","parse","unclosed-code","8192","profile-worker-wall-ms-per-call","ast","39a6bf41d598229bedbd8f08e1fe30abc9a6d8737a3a11fe2c7e4fd95b51aab6","[0.272973399456522,0.27320952173913016]","[0.25256044000000005,0.2544344074999998]","0.272973399456522","0.27320952173913016","0.00023612228260816437","0","observation-only"
"carve","parse","unclosed-code","8192","sampled-allocation-bytes-per-call","ast","39a6bf41d598229bedbd8f08e1fe30abc9a6d8737a3a11fe2c7e4fd95b51aab6","[9757.44,7876.64]","[7163.2,7476.96]","7876.64","9757.44","1880.8000000000002","0","observation-only"
"carve-no-positions","parse","unclosed-code","8192","profile-worker-wall-ms-per-call","ast","39a6bf41d598229bedbd8f08e1fe30abc9a6d8737a3a11fe2c7e4fd95b51aab6","[0.2768160081521739,0.2824855516304346]","[0.2562803674999998,0.2542551424999999]","0.2768160081521739","0.2824855516304346","0.005669543478260708","0","observation-only"
"carve-no-positions","parse","unclosed-code","8192","sampled-allocation-bytes-per-call","ast","39a6bf41d598229bedbd8f08e1fe30abc9a6d8737a3a11fe2c7e4fd95b51aab6","[9657.44,8487.84]","[10339.36,9914.08]","8487.84","9657.44","1169.6000000000004","2","observation-only"
"djot","parse","unclosed-code","8192","profile-worker-wall-ms-per-call","","39a6bf41d598229bedbd8f08e1fe30abc9a6d8737a3a11fe2c7e4fd95b51aab6","[0.16461882072368428,0.16400235897435886]","[0.1589023749999999,0.15855346249999974]","0.16400235897435886","0.16461882072368428","0.0006164617493254199","0","observation-only"
"djot","parse","unclosed-code","8192","sampled-allocation-bytes-per-call","","39a6bf41d598229bedbd8f08e1fe30abc9a6d8737a3a11fe2c7e4fd95b51aab6","[19217.28,19035.04]","[18208.16,17206.56]","19035.04","19217.28","182.23999999999796","0","observation-only"
"djot-positions","parse","unclosed-code","8192","profile-worker-wall-ms-per-call","","39a6bf41d598229bedbd8f08e1fe30abc9a6d8737a3a11fe2c7e4fd95b51aab6","[0.29401063920454557,0.29366495454545444]","[0.26875533593749995,0.2673451796874999]","0.29366495454545444","0.29401063920454557","0.0003456846590911278","0","observation-only"
"djot-positions","parse","unclosed-code","8192","sampled-allocation-bytes-per-call","","39a6bf41d598229bedbd8f08e1fe30abc9a6d8737a3a11fe2c7e4fd95b51aab6","[18348.8,22576.16]","[17767.36,18528.16]","18348.8","22576.16","4227.360000000001","0","observation-only"
"commonmark","parse","unclosed-code","8192","profile-worker-wall-ms-per-call","","39a6bf41d598229bedbd8f08e1fe30abc9a6d8737a3a11fe2c7e4fd95b51aab6","[0.06448223646907214,0.06449102835051551]","[0.06351369570707076,0.06348155871212109]","0.06448223646907214","0.06449102835051551","0.00000879188144337073","0","observation-only"
"commonmark","parse","unclosed-code","8192","sampled-allocation-bytes-per-call","","39a6bf41d598229bedbd8f08e1fe30abc9a6d8737a3a11fe2c7e4fd95b51aab6","[43940.16,43749.6]","[42673.76,43332]","43749.6","43940.16","190.56000000000495","0","observation-only"
"carve","html","unclosed-code","8192","profile-worker-wall-ms-per-call","ast","39a6bf41d598229bedbd8f08e1fe30abc9a6d8737a3a11fe2c7e4fd95b51aab6","[0.5914698011363633,0.5705408409090906]","[0.5380857395833338,0.550441770833333]","0.5705408409090906","0.5914698011363633","0.02092896022727264","0","observation-only"
"carve","html","unclosed-code","8192","sampled-allocation-bytes-per-call","ast","39a6bf41d598229bedbd8f08e1fe30abc9a6d8737a3a11fe2c7e4fd95b51aab6","[20401.28,22054.72]","[23364.96,23149.92]","20401.28","22054.72","1653.4400000000023","2","observation-only"
"djot","html","unclosed-code","8192","profile-worker-wall-ms-per-call","","39a6bf41d598229bedbd8f08e1fe30abc9a6d8737a3a11fe2c7e4fd95b51aab6","[0.16945524155405384,0.16992062837837846]","[0.16270880128205134,0.16129544070512827]","0.16945524155405384","0.16992062837837846","0.00046538682432462064","0","observation-only"
"djot","html","unclosed-code","8192","sampled-allocation-bytes-per-call","","39a6bf41d598229bedbd8f08e1fe30abc9a6d8737a3a11fe2c7e4fd95b51aab6","[20445.28,18310.08]","[21452,20244.96]","18310.08","20445.28","2135.199999999997","1","observation-only"
"commonmark","html","unclosed-code","8192","profile-worker-wall-ms-per-call","","39a6bf41d598229bedbd8f08e1fe30abc9a6d8737a3a11fe2c7e4fd95b51aab6","[0.06665866688829787,0.06680246143617015]","[0.06643503157894726,0.06573465950520825]","0.06665866688829787","0.06680246143617015","0.00014379454787227797","0","observation-only"
"commonmark","html","unclosed-code","8192","sampled-allocation-bytes-per-call","","39a6bf41d598229bedbd8f08e1fe30abc9a6d8737a3a11fe2c7e4fd95b51aab6","[44424.16,43751.2]","[44258.4,43510.08]","43751.2","44424.16","672.9600000000064","0","observation-only"
"carve","direct-html-probe","unclosed-code","8192","profile-worker-wall-ms-per-call","ast","39a6bf41d598229bedbd8f08e1fe30abc9a6d8737a3a11fe2c7e4fd95b51aab6","[0.20151192382812466,0.2016442822580646]","[0.180589876785714,0.20507348790322605]","0.20151192382812466","0.2016442822580646","0.00013235842993994384","1","observation-only"
"carve","direct-html-probe","unclosed-code","8192","sampled-allocation-bytes-per-call","ast","39a6bf41d598229bedbd8f08e1fe30abc9a6d8737a3a11fe2c7e4fd95b51aab6","[2238.4,2985.44]","[2732.32,2316.8]","2238.4","2985.44","747.04","0","observation-only"
"carve","parse","many-paragraphs","1024","profile-worker-wall-ms-per-call","direct","31bb8934c555f17a8022fca19fbbd5ce870b94e23308bf7502f8b0d0da6aa471","[2.6925082916666696,2.6976072708333354]","[2.21150077083333,2.2951348125]","2.6925082916666696","2.6976072708333354","0.005098979166665796","0","observation-only"
"carve","parse","many-paragraphs","1024","sampled-allocation-bytes-per-call","direct","31bb8934c555f17a8022fca19fbbd5ce870b94e23308bf7502f8b0d0da6aa471","[1606306.08,1615527.52]","[1608183.36,1625744.8]","1606306.08","1615527.52","9221.439999999944","1","observation-only"
"carve-no-positions","parse","many-paragraphs","1024","profile-worker-wall-ms-per-call","direct","31bb8934c555f17a8022fca19fbbd5ce870b94e23308bf7502f8b0d0da6aa471","[4.13020215625,3.949846781249999]","[3.6553911249999977,3.747044250000002]","3.949846781249999","4.13020215625","0.18035537500000132","0","observation-only"
"carve-no-positions","parse","many-paragraphs","1024","sampled-allocation-bytes-per-call","direct","31bb8934c555f17a8022fca19fbbd5ce870b94e23308bf7502f8b0d0da6aa471","[2394547.84,2369894.88]","[2357425.28,2364017.6]","2369894.88","2394547.84","24652.959999999963","0","observation-only"
"djot","parse","many-paragraphs","1024","profile-worker-wall-ms-per-call","","31bb8934c555f17a8022fca19fbbd5ce870b94e23308bf7502f8b0d0da6aa471","[3.1726003437499983,3.224324062499999]","[2.522710270833334,2.3825269374999984]","3.1726003437499983","3.224324062499999","0.05172371875000081","0","observation-only"
"djot","parse","many-paragraphs","1024","sampled-allocation-bytes-per-call","","31bb8934c555f17a8022fca19fbbd5ce870b94e23308bf7502f8b0d0da6aa471","[2665981.12,2615700.48]","[2647894.56,2655552.64]","2615700.48","2665981.12","50280.64000000013","0","observation-only"
"djot-positions","parse","many-paragraphs","1024","profile-worker-wall-ms-per-call","","31bb8934c555f17a8022fca19fbbd5ce870b94e23308bf7502f8b0d0da6aa471","[3.5958096562499975,3.5897015937499965]","[3.421660687500001,3.513705499999997]","3.5897015937499965","3.5958096562499975","0.006108062500000955","0","observation-only"
"djot-positions","parse","many-paragraphs","1024","sampled-allocation-bytes-per-call","","31bb8934c555f17a8022fca19fbbd5ce870b94e23308bf7502f8b0d0da6aa471","[3319650.4,3313054.08]","[3319413.92,3302900.64]","3313054.08","3319650.4","6596.319999999832","0","observation-only"
"commonmark","parse","many-paragraphs","1024","profile-worker-wall-ms-per-call","","31bb8934c555f17a8022fca19fbbd5ce870b94e23308bf7502f8b0d0da6aa471","[0.4681593705357144,0.4797777366071431]","[0.49249109615384595,0.4952367067307692]","0.4681593705357144","0.4797777366071431","0.011618366071428743","2","observation-only"
"commonmark","parse","many-paragraphs","1024","sampled-allocation-bytes-per-call","","31bb8934c555f17a8022fca19fbbd5ce870b94e23308bf7502f8b0d0da6aa471","[1383336.16,1368791.68]","[1360022.24,1380806.24]","1368791.68","1383336.16","14544.479999999981","0","observation-only"
"carve","html","many-paragraphs","1024","profile-worker-wall-ms-per-call","direct","31bb8934c555f17a8022fca19fbbd5ce870b94e23308bf7502f8b0d0da6aa471","[0.9857652142857144,1.006659107142858]","[0.8943746964285708,0.9122066428571429]","0.9857652142857144","1.006659107142858","0.020893892857143492","0","observation-only"
"carve","html","many-paragraphs","1024","sampled-allocation-bytes-per-call","direct","31bb8934c555f17a8022fca19fbbd5ce870b94e23308bf7502f8b0d0da6aa471","[1143985.92,1129336]","[1150611.68,1146751.52]","1129336","1143985.92","14649.919999999925","2","observation-only"
"djot","html","many-paragraphs","1024","profile-worker-wall-ms-per-call","","31bb8934c555f17a8022fca19fbbd5ce870b94e23308bf7502f8b0d0da6aa471","[3.541118656249999,3.361761781249996]","[2.728860770833336,3.231606187499999]","3.361761781249996","3.541118656249999","0.1793568750000034","0","observation-only"
"djot","html","many-paragraphs","1024","sampled-allocation-bytes-per-call","","31bb8934c555f17a8022fca19fbbd5ce870b94e23308bf7502f8b0d0da6aa471","[2915644.48,2900714.24]","[2904089.6,2923743.04]","2900714.24","2915644.48","14930.239999999758","1","observation-only"
"commonmark","html","many-paragraphs","1024","profile-worker-wall-ms-per-call","","31bb8934c555f17a8022fca19fbbd5ce870b94e23308bf7502f8b0d0da6aa471","[0.7171343055555555,0.7224777986111108]","[0.7474676527777773,0.7416127916666666]","0.7171343055555555","0.7224777986111108","0.005343493055555371","2","observation-only"
"commonmark","html","many-paragraphs","1024","sampled-allocation-bytes-per-call","","31bb8934c555f17a8022fca19fbbd5ce870b94e23308bf7502f8b0d0da6aa471","[1687930.72,1694941.28]","[1716032.8,1695725.76]","1687930.72","1694941.28","7010.560000000056","2","observation-only"
"carve","direct-html-probe","many-paragraphs","1024","profile-worker-wall-ms-per-call","direct","31bb8934c555f17a8022fca19fbbd5ce870b94e23308bf7502f8b0d0da6aa471","[0.9947979464285714,1.050304166666668]","[0.8749482265625002,0.8784607890624994]","0.9947979464285714","1.050304166666668","0.05550622023809648","0","observation-only"
"carve","direct-html-probe","many-paragraphs","1024","sampled-allocation-bytes-per-call","direct","31bb8934c555f17a8022fca19fbbd5ce870b94e23308bf7502f8b0d0da6aa471","[1117611.68,1143717.92]","[1124800.96,1125954.88]","1117611.68","1143717.92","26106.23999999999","0","observation-only"
"carve","parse","nested-quotes","192","profile-worker-wall-ms-per-call","ast","546ddff402fe3151dc9c4a0a9059219bcbf4a4426c63d9ab136a05072365c95a","[0.4899366538461534,0.4958758365384608]","[0.44741274553571486,0.432545845833333]","0.4899366538461534","0.4958758365384608","0.005939182692307365","0","observation-only"
"carve","parse","nested-quotes","192","sampled-allocation-bytes-per-call","ast","546ddff402fe3151dc9c4a0a9059219bcbf4a4426c63d9ab136a05072365c95a","[799154.72,802191.04]","[792351.36,806914.4]","799154.72","802191.04","3036.320000000065","1","observation-only"
"carve-no-positions","parse","nested-quotes","192","profile-worker-wall-ms-per-call","ast","546ddff402fe3151dc9c4a0a9059219bcbf4a4426c63d9ab136a05072365c95a","[0.66165455625,0.6597885687499996]","[0.6396207937499995,0.6383713624999998]","0.6597885687499996","0.66165455625","0.0018659875000004433","0","observation-only"
"carve-no-positions","parse","nested-quotes","192","sampled-allocation-bytes-per-call","ast","546ddff402fe3151dc9c4a0a9059219bcbf4a4426c63d9ab136a05072365c95a","[937271.68,958676.32]","[940199.68,930000]","937271.68","958676.32","21404.639999999898","0","observation-only"
"djot","parse","nested-quotes","192","profile-worker-wall-ms-per-call","","546ddff402fe3151dc9c4a0a9059219bcbf4a4426c63d9ab136a05072365c95a","[0.12304819485294105,0.1277017691326531]","[0.1281736160714284,0.12290683823529408]","0.12304819485294105","0.1277017691326531","0.004653574279712053","1","observation-only"
"djot","parse","nested-quotes","192","sampled-allocation-bytes-per-call","","546ddff402fe3151dc9c4a0a9059219bcbf4a4426c63d9ab136a05072365c95a","[273964.96,278211.68]","[276125.28,273100]","273964.96","278211.68","4246.719999999972","0","observation-only"
"djot-positions","parse","nested-quotes","192","profile-worker-wall-ms-per-call","","546ddff402fe3151dc9c4a0a9059219bcbf4a4426c63d9ab136a05072365c95a","[0.14574062209302324,0.15095429910714284]","[0.142451609375,0.14117574999999993]","0.14574062209302324","0.15095429910714284","0.005213677014119594","0","observation-only"
"djot-positions","parse","nested-quotes","192","sampled-allocation-bytes-per-call","","546ddff402fe3151dc9c4a0a9059219bcbf4a4426c63d9ab136a05072365c95a","[344642.24,352239.2]","[353390.72,342093.6]","344642.24","352239.2","7596.960000000021","1","observation-only"
"commonmark","parse","nested-quotes","192","profile-worker-wall-ms-per-call","","546ddff402fe3151dc9c4a0a9059219bcbf4a4426c63d9ab136a05072365c95a","[0.03237245876288663,0.03240349352331604]","[0.03816822560975613,0.03709236871301776]","0.03237245876288663","0.03240349352331604","0.00003103476042941311","2","observation-only"
"commonmark","parse","nested-quotes","192","sampled-allocation-bytes-per-call","","546ddff402fe3151dc9c4a0a9059219bcbf4a4426c63d9ab136a05072365c95a","[136084.64,130895.84]","[128984.48,128648.48]","130895.84","136084.64","5188.8000000000175","0","observation-only"
"carve","html","nested-quotes","192","profile-worker-wall-ms-per-call","ast","546ddff402fe3151dc9c4a0a9059219bcbf4a4426c63d9ab136a05072365c95a","[0.7990148203124994,0.8059122265624996]","[0.7461431736111103,0.734790479166667]","0.7990148203124994","0.8059122265624996","0.0068974062500002375","0","observation-only"
"carve","html","nested-quotes","192","sampled-allocation-bytes-per-call","ast","546ddff402fe3151dc9c4a0a9059219bcbf4a4426c63d9ab136a05072365c95a","[1332078.08,1301536.96]","[1369100,1311535.36]","1301536.96","1332078.08","30541.12000000011","1","observation-only"
"djot","html","nested-quotes","192","profile-worker-wall-ms-per-call","","546ddff402fe3151dc9c4a0a9059219bcbf4a4426c63d9ab136a05072365c95a","[0.1660711496710525,0.16517326315789474]","[0.1606464551282051,0.15685460468750012]","0.16517326315789474","0.1660711496710525","0.0008978865131577529","0","observation-only"
"djot","html","nested-quotes","192","sampled-allocation-bytes-per-call","","546ddff402fe3151dc9c4a0a9059219bcbf4a4426c63d9ab136a05072365c95a","[344356.16,345460.8]","[356130.56,346242.88]","344356.16","345460.8","1104.640000000014","2","observation-only"
"commonmark","html","nested-quotes","192","profile-worker-wall-ms-per-call","","546ddff402fe3151dc9c4a0a9059219bcbf4a4426c63d9ab136a05072365c95a","[0.05828346990740742,0.06137309803921574]","[0.06449750451030924,0.06379216836734693]","0.05828346990740742","0.06137309803921574","0.003089628131808325","2","observation-only"
"commonmark","html","nested-quotes","192","sampled-allocation-bytes-per-call","","546ddff402fe3151dc9c4a0a9059219bcbf4a4426c63d9ab136a05072365c95a","[179621.6,179952.16]","[177375.68,182141.92]","179621.6","179952.16","330.5599999999977","1","observation-only"
"carve","direct-html-probe","nested-quotes","192","profile-worker-wall-ms-per-call","ast","546ddff402fe3151dc9c4a0a9059219bcbf4a4426c63d9ab136a05072365c95a","[0.0015061373192771068,0.0014730809863304258]","[0.0015217467137293094,0.001479001123994321]","0.0014730809863304258","0.0015061373192771068","0.00003305633294668092","1","observation-only"
"carve","direct-html-probe","nested-quotes","192","sampled-allocation-bytes-per-call","ast","546ddff402fe3151dc9c4a0a9059219bcbf4a4426c63d9ab136a05072365c95a","[1738.4,1824.48]","[1322.88,1656.64]","1738.4","1824.48","86.07999999999993","0","observation-only"
"carve","parse","nested-lists","192","profile-worker-wall-ms-per-call","ast","7b2e83ce7399600d77f919e5c0084373d85d3f238d111427fc0bc314f1c86b5e","[1.3539200749999991,1.374909224999999]","[1.3440009500000003,1.279181824999999]","1.3539200749999991","1.374909224999999","0.0209891499999999","0","observation-only"
"carve","parse","nested-lists","192","sampled-allocation-bytes-per-call","ast","7b2e83ce7399600d77f919e5c0084373d85d3f238d111427fc0bc314f1c86b5e","[1983487.52,1988244]","[2029258.88,1986288.96]","1983487.52","1988244","4756.479999999981","1","observation-only"
"carve-no-positions","parse","nested-lists","192","profile-worker-wall-ms-per-call","ast","7b2e83ce7399600d77f919e5c0084373d85d3f238d111427fc0bc314f1c86b5e","[1.770506328125002,1.8173304218750008]","[1.6739881718749992,1.6999102343749986]","1.770506328125002","1.8173304218750008","0.04682409374999885","0","observation-only"
"carve-no-positions","parse","nested-lists","192","sampled-allocation-bytes-per-call","ast","7b2e83ce7399600d77f919e5c0084373d85d3f238d111427fc0bc314f1c86b5e","[2231626.56,2248137.76]","[2222219.84,2234241.92]","2231626.56","2248137.76","16511.19999999972","0","observation-only"
"djot","parse","nested-lists","192","profile-worker-wall-ms-per-call","","7b2e83ce7399600d77f919e5c0084373d85d3f238d111427fc0bc314f1c86b5e","[0.9241727142857142,0.9237980624999997]","[0.9212195982142849,0.9530826428571422]","0.9237980624999997","0.9241727142857142","0.0003746517857144971","1","observation-only"
"djot","parse","nested-lists","192","sampled-allocation-bytes-per-call","","7b2e83ce7399600d77f919e5c0084373d85d3f238d111427fc0bc314f1c86b5e","[920452.96,918101.6]","[913334.24,914049.6]","918101.6","920452.96","2351.359999999986","0","observation-only"
"djot-positions","parse","nested-lists","192","profile-worker-wall-ms-per-call","","7b2e83ce7399600d77f919e5c0084373d85d3f238d111427fc0bc314f1c86b5e","[1.030934,0.9789988571428572]","[1.0046555000000004,0.9738519375]","0.9789988571428572","1.030934","0.051935142857142846","0","observation-only"
"djot-positions","parse","nested-lists","192","sampled-allocation-bytes-per-call","","7b2e83ce7399600d77f919e5c0084373d85d3f238d111427fc0bc314f1c86b5e","[1034597.28,1045762.24]","[1032862.56,1045653.92]","1034597.28","1045762.24","11164.959999999963","0","observation-only"
"commonmark","parse","nested-lists","192","profile-worker-wall-ms-per-call","","7b2e83ce7399600d77f919e5c0084373d85d3f238d111427fc0bc314f1c86b5e","[0.3429923914473683,0.3425895624999998]","[0.33895689144736857,0.33771639802631553]","0.3425895624999998","0.3429923914473683","0.0004028289473685387","0","observation-only"
"commonmark","parse","nested-lists","192","sampled-allocation-bytes-per-call","","7b2e83ce7399600d77f919e5c0084373d85d3f238d111427fc0bc314f1c86b5e","[315114.88,310500.48]","[309279.04,313120]","310500.48","315114.88","4614.400000000023","0","observation-only"
"carve","html","nested-lists","192","profile-worker-wall-ms-per-call","ast","7b2e83ce7399600d77f919e5c0084373d85d3f238d111427fc0bc314f1c86b5e","[1.8943592187499991,2.115131895833334]","[1.930704921874998,1.9143761250000004]","1.8943592187499991","2.115131895833334","0.22077267708333492","0","observation-only"
"carve","html","nested-lists","192","sampled-allocation-bytes-per-call","ast","7b2e83ce7399600d77f919e5c0084373d85d3f238d111427fc0bc314f1c86b5e","[2780340.32,2746438.56]","[2776352.16,2771891.04]","2746438.56","2780340.32","33901.75999999978","0","observation-only"
"djot","html","nested-lists","192","profile-worker-wall-ms-per-call","","7b2e83ce7399600d77f919e5c0084373d85d3f238d111427fc0bc314f1c86b5e","[1.0431201041666658,1.0192417321428573]","[1.0036021250000005,1.0439272187499995]","1.0192417321428573","1.0431201041666658","0.023878372023808492","1","observation-only"
"djot","html","nested-lists","192","sampled-allocation-bytes-per-call","","7b2e83ce7399600d77f919e5c0084373d85d3f238d111427fc0bc314f1c86b5e","[1041173.28,1029363.84]","[1037638.56,1018021.92]","1029363.84","1041173.28","11809.44000000006","0","observation-only"
"commonmark","html","nested-lists","192","profile-worker-wall-ms-per-call","","7b2e83ce7399600d77f919e5c0084373d85d3f238d111427fc0bc314f1c86b5e","[0.3966068359374999,0.3997280546874995]","[0.39551333984375026,0.3928659531250003]","0.3966068359374999","0.3997280546874995","0.003121218749999599","0","observation-only"
"commonmark","html","nested-lists","192","sampled-allocation-bytes-per-call","","7b2e83ce7399600d77f919e5c0084373d85d3f238d111427fc0bc314f1c86b5e","[423601.28,437399.68]","[424683.68,422728.96]","423601.28","437399.68","13798.399999999965","0","observation-only"
"carve","direct-html-probe","nested-lists","192","profile-worker-wall-ms-per-call","ast","7b2e83ce7399600d77f919e5c0084373d85d3f238d111427fc0bc314f1c86b5e","[0.0014278451633165828,0.0014553720750873117]","[0.0014042859329364181,0.0014039227032794253]","0.0014278451633165828","0.0014553720750873117","0.000027526911770728952","0","observation-only"
"carve","direct-html-probe","nested-lists","192","sampled-allocation-bytes-per-call","ast","7b2e83ce7399600d77f919e5c0084373d85d3f238d111427fc0bc314f1c86b5e","[1661.28,912.64]","[911.04,993.12]","912.64","1661.28","748.64","0","observation-only"
"carve","parse","interior-whitespace","16384","profile-worker-wall-ms-per-call","direct","88824015bd141fc42b932fbfcf6bb5252909b72a833448af42332f0b35bc38fa","[0.04483442053571426,0.043638986979166655]","[0.04228240878378377,0.04254277508503401]","0.043638986979166655","0.04483442053571426","0.0011954335565476024","0","observation-only"
"carve","parse","interior-whitespace","16384","sampled-allocation-bytes-per-call","direct","88824015bd141fc42b932fbfcf6bb5252909b72a833448af42332f0b35bc38fa","[6280.64,5863.84]","[6739.84,6105.12]","5863.84","6280.64","416.8000000000002","1","observation-only"
"carve-no-positions","parse","interior-whitespace","16384","profile-worker-wall-ms-per-call","direct","88824015bd141fc42b932fbfcf6bb5252909b72a833448af42332f0b35bc38fa","[0.04616833823529413,0.04677659841417912]","[0.04654557638888885,0.04795274236641228]","0.04616833823529413","0.04677659841417912","0.0006082601788849895","1","observation-only"
"carve-no-positions","parse","interior-whitespace","16384","sampled-allocation-bytes-per-call","direct","88824015bd141fc42b932fbfcf6bb5252909b72a833448af42332f0b35bc38fa","[9767.36,9508]","[8429.92,9842.4]","9508","9767.36","259.3600000000006","1","observation-only"
"djot","parse","interior-whitespace","16384","profile-worker-wall-ms-per-call","","88824015bd141fc42b932fbfcf6bb5252909b72a833448af42332f0b35bc38fa","[0.07659502210365852,0.07725014814814811]","[0.0739186794117647,0.07532849849397583]","0.07659502210365852","0.07725014814814811","0.0006551260444895846","0","observation-only"
"djot","parse","interior-whitespace","16384","sampled-allocation-bytes-per-call","","88824015bd141fc42b932fbfcf6bb5252909b72a833448af42332f0b35bc38fa","[16926.4,17597.12]","[16294.08,17514.88]","16926.4","17597.12","670.7199999999975","0","observation-only"
"djot-positions","parse","interior-whitespace","16384","profile-worker-wall-ms-per-call","","88824015bd141fc42b932fbfcf6bb5252909b72a833448af42332f0b35bc38fa","[0.13461146808510616,0.1280851403061225]","[0.12034198798076928,0.1221132307692309]","0.1280851403061225","0.13461146808510616","0.006526327778983654","0","observation-only"
"djot-positions","parse","interior-whitespace","16384","sampled-allocation-bytes-per-call","","88824015bd141fc42b932fbfcf6bb5252909b72a833448af42332f0b35bc38fa","[16291.04,18349.76]","[17689.76,18311.04]","16291.04","18349.76","2058.7199999999975","0","observation-only"
"commonmark","parse","interior-whitespace","16384","profile-worker-wall-ms-per-call","","88824015bd141fc42b932fbfcf6bb5252909b72a833448af42332f0b35bc38fa","[0.01846650958702064,0.018469387536873154]","[0.017096712260928956,0.01721813085399448]","0.01846650958702064","0.018469387536873154","0.0000028779498525144387","0","observation-only"
"commonmark","parse","interior-whitespace","16384","sampled-allocation-bytes-per-call","","88824015bd141fc42b932fbfcf6bb5252909b72a833448af42332f0b35bc38fa","[18674.24,18598.4]","[18243.52,18622.56]","18598.4","18674.24","75.84000000000015","0","observation-only"
"carve","html","interior-whitespace","16384","profile-worker-wall-ms-per-call","direct","88824015bd141fc42b932fbfcf6bb5252909b72a833448af42332f0b35bc38fa","[0.10474463020833333,0.10469108124999996]","[0.0957743958333334,0.09579029545454554]","0.10469108124999996","0.10474463020833333","0.00005354895833337148","0","observation-only"
"carve","html","interior-whitespace","16384","sampled-allocation-bytes-per-call","direct","88824015bd141fc42b932fbfcf6bb5252909b72a833448af42332f0b35bc38fa","[19225.44,18728.32]","[18503.2,18900.32]","18728.32","19225.44","497.119999999999","0","observation-only"
"djot","html","interior-whitespace","16384","profile-worker-wall-ms-per-call","","88824015bd141fc42b932fbfcf6bb5252909b72a833448af42332f0b35bc38fa","[0.08099701923076925,0.07934821044303791]","[0.07687207621951223,0.07759015046296294]","0.07934821044303791","0.08099701923076925","0.00164880878773134","0","observation-only"
"djot","html","interior-whitespace","16384","sampled-allocation-bytes-per-call","","88824015bd141fc42b932fbfcf6bb5252909b72a833448af42332f0b35bc38fa","[17785.76,18450.4]","[17402.4,16858.72]","17785.76","18450.4","664.640000000003","0","observation-only"
"commonmark","html","interior-whitespace","16384","profile-worker-wall-ms-per-call","","88824015bd141fc42b932fbfcf6bb5252909b72a833448af42332f0b35bc38fa","[0.019950383160828027,0.019643898119122243]","[0.018653001674107147,0.018367046920821112]","0.019643898119122243","0.019950383160828027","0.00030648504170578336","0","observation-only"
"commonmark","html","interior-whitespace","16384","sampled-allocation-bytes-per-call","","88824015bd141fc42b932fbfcf6bb5252909b72a833448af42332f0b35bc38fa","[19017.44,18822.08]","[19606.88,18501.76]","18822.08","19017.44","195.35999999999694","1","observation-only"
"carve","direct-html-probe","interior-whitespace","16384","profile-worker-wall-ms-per-call","direct","88824015bd141fc42b932fbfcf6bb5252909b72a833448af42332f0b35bc38fa","[0.10473726145833334,0.10670781567796607]","[0.09622946153846149,0.09596960416666662]","0.10473726145833334","0.10670781567796607","0.001970554219632728","0","observation-only"
"carve","direct-html-probe","interior-whitespace","16384","sampled-allocation-bytes-per-call","direct","88824015bd141fc42b932fbfcf6bb5252909b72a833448af42332f0b35bc38fa","[18819.52,17577.44]","[17820.64,17495.36]","17577.44","18819.52","1242.0800000000017","0","observation-only"
"carve","parse","literal-brackets","1024","profile-worker-wall-ms-per-call","ast","9f1377f7f3a102ca46d8032bfad8045ca194bb8d0c4f4b6e4a89896fcf130e67","[2.545737416666668,2.613926395833334]","[2.22438225,2.203092437499999]","2.545737416666668","2.613926395833334","0.06818897916666566","0","observation-only"
"carve","parse","literal-brackets","1024","sampled-allocation-bytes-per-call","ast","9f1377f7f3a102ca46d8032bfad8045ca194bb8d0c4f4b6e4a89896fcf130e67","[1598677.28,1632723.84]","[1627383.36,1632212.64]","1598677.28","1632723.84","34046.560000000056","0","observation-only"
"carve-no-positions","parse","literal-brackets","1024","profile-worker-wall-ms-per-call","ast","9f1377f7f3a102ca46d8032bfad8045ca194bb8d0c4f4b6e4a89896fcf130e67","[3.9067281562500007,3.8058915937499975]","[3.6349115937499974,3.667493499999999]","3.8058915937499975","3.9067281562500007","0.10083656250000317","0","observation-only"
"carve-no-positions","parse","literal-brackets","1024","sampled-allocation-bytes-per-call","ast","9f1377f7f3a102ca46d8032bfad8045ca194bb8d0c4f4b6e4a89896fcf130e67","[2377913.76,2357119.04]","[2355301.6,2356716.16]","2357119.04","2377913.76","20794.71999999974","0","observation-only"
"djot","parse","literal-brackets","1024","profile-worker-wall-ms-per-call","","9f1377f7f3a102ca46d8032bfad8045ca194bb8d0c4f4b6e4a89896fcf130e67","[2.6731140416666648,3.185284156249999]","[2.574426270833333,2.590317833333335]","2.6731140416666648","3.185284156249999","0.5121701145833342","0","observation-only"
"djot","parse","literal-brackets","1024","sampled-allocation-bytes-per-call","","9f1377f7f3a102ca46d8032bfad8045ca194bb8d0c4f4b6e4a89896fcf130e67","[2671896.48,2634936.8]","[2642784.16,2645295.84]","2634936.8","2671896.48","36959.68000000017","0","observation-only"
"djot-positions","parse","literal-brackets","1024","profile-worker-wall-ms-per-call","","9f1377f7f3a102ca46d8032bfad8045ca194bb8d0c4f4b6e4a89896fcf130e67","[3.7983829375000013,3.8110860937499993]","[3.4527763437500028,3.4403444687499984]","3.7983829375000013","3.8110860937499993","0.01270315624999796","0","observation-only"
"djot-positions","parse","literal-brackets","1024","sampled-allocation-bytes-per-call","","9f1377f7f3a102ca46d8032bfad8045ca194bb8d0c4f4b6e4a89896fcf130e67","[3339519.04,3320394.4]","[3329287.2,3297673.76]","3320394.4","3339519.04","19124.64000000013","0","observation-only"
"commonmark","parse","literal-brackets","1024","profile-worker-wall-ms-per-call","","9f1377f7f3a102ca46d8032bfad8045ca194bb8d0c4f4b6e4a89896fcf130e67","[0.48010162946428586,0.49058973076923107]","[0.5038140048076918,0.5026841346153847]","0.48010162946428586","0.49058973076923107","0.010488101304945208","2","observation-only"
"commonmark","parse","literal-brackets","1024","sampled-allocation-bytes-per-call","","9f1377f7f3a102ca46d8032bfad8045ca194bb8d0c4f4b6e4a89896fcf130e67","[1383372.96,1385427.68]","[1371837.76,1380641.28]","1383372.96","1385427.68","2054.719999999972","0","observation-only"
"carve","html","literal-brackets","1024","profile-worker-wall-ms-per-call","ast","9f1377f7f3a102ca46d8032bfad8045ca194bb8d0c4f4b6e4a89896fcf130e67","[4.867579031249996,4.501108906250003]","[4.1376711875000005,4.41362340625]","4.501108906250003","4.867579031249996","0.3664701249999922","0","observation-only"
"carve","html","literal-brackets","1024","sampled-allocation-bytes-per-call","ast","9f1377f7f3a102ca46d8032bfad8045ca194bb8d0c4f4b6e4a89896fcf130e67","[3411243.68,3447168.64]","[3413086.88,3403454.24]","3411243.68","3447168.64","35924.95999999996","0","observation-only"
"djot","html","literal-brackets","1024","profile-worker-wall-ms-per-call","","9f1377f7f3a102ca46d8032bfad8045ca194bb8d0c4f4b6e4a89896fcf130e67","[3.414229468750001,3.483200249999996]","[2.7228396041666656,3.1534162812499957]","3.414229468750001","3.483200249999996","0.06897078124999467","0","observation-only"
"djot","html","literal-brackets","1024","sampled-allocation-bytes-per-call","","9f1377f7f3a102ca46d8032bfad8045ca194bb8d0c4f4b6e4a89896fcf130e67","[2888344.48,2907185.28]","[2901062.4,2926021.28]","2888344.48","2907185.28","18840.799999999814","1","observation-only"
"commonmark","html","literal-brackets","1024","profile-worker-wall-ms-per-call","","9f1377f7f3a102ca46d8032bfad8045ca194bb8d0c4f4b6e4a89896fcf130e67","[0.7238978611111114,0.69252350625]","[0.7441700555555555,0.7356355972222219]","0.69252350625","0.7238978611111114","0.0313743548611114","2","observation-only"
"commonmark","html","literal-brackets","1024","sampled-allocation-bytes-per-call","","9f1377f7f3a102ca46d8032bfad8045ca194bb8d0c4f4b6e4a89896fcf130e67","[1682732.64,1698140.96]","[1677716.32,1695540.32]","1682732.64","1698140.96","15408.320000000065","0","observation-only"
"carve","direct-html-probe","literal-brackets","1024","profile-worker-wall-ms-per-call","ast","9f1377f7f3a102ca46d8032bfad8045ca194bb8d0c4f4b6e4a89896fcf130e67","[0.1559341890243902,0.15593968140243916]","[0.14089042083333334,0.1416233347222222]","0.1559341890243902","0.15593968140243916","0.000005492378048949087","0","observation-only"
"carve","direct-html-probe","literal-brackets","1024","sampled-allocation-bytes-per-call","ast","9f1377f7f3a102ca46d8032bfad8045ca194bb8d0c4f4b6e4a89896fcf130e67","[164372.16,159421.92]","[159923.52,173437.44]","159421.92","164372.16","4950.239999999991","1","observation-only"
"carve","parse","inline-links","1024","profile-worker-wall-ms-per-call","direct","f1e44ca5d2b4a5e934cae52c2450bf8e75ce19b18163ac946991956636719598","[6.691247312499996,6.708838625000006]","[6.397049874999993,6.697556124999998]","6.691247312499996","6.708838625000006","0.017591312500009337","0","observation-only"
"carve","parse","inline-links","1024","sampled-allocation-bytes-per-call","direct","f1e44ca5d2b4a5e934cae52c2450bf8e75ce19b18163ac946991956636719598","[4703619.36,4747418.24]","[4769043.68,4732329.92]","4703619.36","4747418.24","43798.87999999989","1","observation-only"
"carve-no-positions","parse","inline-links","1024","profile-worker-wall-ms-per-call","direct","f1e44ca5d2b4a5e934cae52c2450bf8e75ce19b18163ac946991956636719598","[9.517015687500006,9.529702562500006]","[9.993975812499997,9.74200037499999]","9.517015687500006","9.529702562500006","0.012686874999999986","2","observation-only"
"carve-no-positions","parse","inline-links","1024","sampled-allocation-bytes-per-call","direct","f1e44ca5d2b4a5e934cae52c2450bf8e75ce19b18163ac946991956636719598","[6368767.2,6375895.52]","[6409413.44,6383533.92]","6368767.2","6375895.52","7128.319999999367","2","observation-only"
"djot","parse","inline-links","1024","profile-worker-wall-ms-per-call","","f1e44ca5d2b4a5e934cae52c2450bf8e75ce19b18163ac946991956636719598","[4.801915937499999,6.276369625000001]","[4.767899312499999,4.66586503125]","4.801915937499999","6.276369625000001","1.4744536875000023","0","observation-only"
"djot","parse","inline-links","1024","sampled-allocation-bytes-per-call","","f1e44ca5d2b4a5e934cae52c2450bf8e75ce19b18163ac946991956636719598","[5162359.84,5159095.36]","[5163347.52,5176422.24]","5159095.36","5162359.84","3264.4799999995157","2","observation-only"
"djot-positions","parse","inline-links","1024","profile-worker-wall-ms-per-call","","f1e44ca5d2b4a5e934cae52c2450bf8e75ce19b18163ac946991956636719598","[7.008519624999991,7.6430085625]","[7.297314125,7.602554374999997]","7.008519624999991","7.6430085625","0.6344889375000093","0","observation-only"
"djot-positions","parse","inline-links","1024","sampled-allocation-bytes-per-call","","f1e44ca5d2b4a5e934cae52c2450bf8e75ce19b18163ac946991956636719598","[6705716.8,6699338.4]","[6687025.92,6694637.92]","6699338.4","6705716.8","6378.399999999441","0","observation-only"
"commonmark","parse","inline-links","1024","profile-worker-wall-ms-per-call","","f1e44ca5d2b4a5e934cae52c2450bf8e75ce19b18163ac946991956636719598","[1.412840575,1.4513977000000011]","[1.5887735468750002,1.5694136093749993]","1.412840575","1.4513977000000011","0.03855712500000119","2","observation-only"
"commonmark","parse","inline-links","1024","sampled-allocation-bytes-per-call","","f1e44ca5d2b4a5e934cae52c2450bf8e75ce19b18163ac946991956636719598","[3181825.12,3184371.52]","[3151128.48,3187098.56]","3181825.12","3184371.52","2546.399999999907","1","observation-only"
"carve","html","inline-links","1024","profile-worker-wall-ms-per-call","direct","f1e44ca5d2b4a5e934cae52c2450bf8e75ce19b18163ac946991956636719598","[2.5113352708333303,2.3764362500000025]","[2.2585021041666664,2.240247687499997]","2.3764362500000025","2.5113352708333303","0.13489902083332783","0","observation-only"
"carve","html","inline-links","1024","sampled-allocation-bytes-per-call","direct","f1e44ca5d2b4a5e934cae52c2450bf8e75ce19b18163ac946991956636719598","[2044799.68,2044465.28]","[2064008.64,2045885.92]","2044465.28","2044799.68","334.39999999990687","2","observation-only"
"djot","html","inline-links","1024","profile-worker-wall-ms-per-call","","f1e44ca5d2b4a5e934cae52c2450bf8e75ce19b18163ac946991956636719598","[7.2088128125,6.946931999999997]","[6.938484375000002,6.7667436875000035]","6.946931999999997","7.2088128125","0.26188081250000295","0","observation-only"
"djot","html","inline-links","1024","sampled-allocation-bytes-per-call","","f1e44ca5d2b4a5e934cae52c2450bf8e75ce19b18163ac946991956636719598","[5936274.72,5909377.12]","[5957579.36,5909101.92]","5909377.12","5936274.72","26897.599999999627","1","observation-only"
"commonmark","html","inline-links","1024","profile-worker-wall-ms-per-call","","f1e44ca5d2b4a5e934cae52c2450bf8e75ce19b18163ac946991956636719598","[1.9591075937500015,1.9584122343750003]","[2.1759319583333343,2.1717602500000006]","1.9584122343750003","1.9591075937500015","0.0006953593750012033","2","observation-only"
"commonmark","html","inline-links","1024","sampled-allocation-bytes-per-call","","f1e44ca5d2b4a5e934cae52c2450bf8e75ce19b18163ac946991956636719598","[4242375.04,4192743.2]","[4194371.52,4210687.52]","4192743.2","4242375.04","49631.83999999985","0","observation-only"
"carve","direct-html-probe","inline-links","1024","profile-worker-wall-ms-per-call","direct","f1e44ca5d2b4a5e934cae52c2450bf8e75ce19b18163ac946991956636719598","[2.4193343750000005,2.3953346875000014]","[2.2259733125000003,2.276152479166664]","2.3953346875000014","2.4193343750000005","0.023999687499999034","0","observation-only"
"carve","direct-html-probe","inline-links","1024","sampled-allocation-bytes-per-call","direct","f1e44ca5d2b4a5e934cae52c2450bf8e75ce19b18163ac946991956636719598","[2071739.68,2073586.88]","[2054668.32,2055198.4]","2071739.68","2073586.88","1847.1999999999534","0","observation-only"
"carve","parse","sparse-definitions","1024","profile-worker-wall-ms-per-call","direct","d1cb33bf9ae0a44c9898ab7c5520e2d725671ec89e481c07b272dd62e0b1ac55","[9.179227374999996,9.398235]","[7.832051312499999,7.576391187500008]","9.179227374999996","9.398235","0.21900762500000326","0","observation-only"
"carve","parse","sparse-definitions","1024","sampled-allocation-bytes-per-call","direct","d1cb33bf9ae0a44c9898ab7c5520e2d725671ec89e481c07b272dd62e0b1ac55","[4021488.64,4028787.2]","[4031239.36,4040015.52]","4021488.64","4028787.2","7298.560000000056","2","observation-only"
"carve-no-positions","parse","sparse-definitions","1024","profile-worker-wall-ms-per-call","direct","d1cb33bf9ae0a44c9898ab7c5520e2d725671ec89e481c07b272dd62e0b1ac55","[10.474851625,10.8608861875]","[8.945628312499991,8.890488375000004]","10.474851625","10.8608861875","0.3860345625000008","0","observation-only"
"carve-no-positions","parse","sparse-definitions","1024","sampled-allocation-bytes-per-call","direct","d1cb33bf9ae0a44c9898ab7c5520e2d725671ec89e481c07b272dd62e0b1ac55","[4838819.52,4857246.56]","[4889093.12,4835925.44]","4838819.52","4857246.56","18427.040000000037","1","observation-only"
"djot","parse","sparse-definitions","1024","profile-worker-wall-ms-per-call","","d1cb33bf9ae0a44c9898ab7c5520e2d725671ec89e481c07b272dd62e0b1ac55","[3.3070306249999994,3.3893325625000017]","[2.601605291666665,3.1937043124999995]","3.3070306249999994","3.3893325625000017","0.08230193750000225","0","observation-only"
"djot","parse","sparse-definitions","1024","sampled-allocation-bytes-per-call","","d1cb33bf9ae0a44c9898ab7c5520e2d725671ec89e481c07b272dd62e0b1ac55","[2663535.68,2621682.24]","[2662344,2675229.92]","2621682.24","2663535.68","41853.439999999944","1","observation-only"
"djot-positions","parse","sparse-definitions","1024","profile-worker-wall-ms-per-call","","d1cb33bf9ae0a44c9898ab7c5520e2d725671ec89e481c07b272dd62e0b1ac55","[3.872324218750002,3.8719985625000035]","[3.7129287499999997,3.65975940625]","3.8719985625000035","3.872324218750002","0.00032565624999847387","0","observation-only"
"djot-positions","parse","sparse-definitions","1024","sampled-allocation-bytes-per-call","","d1cb33bf9ae0a44c9898ab7c5520e2d725671ec89e481c07b272dd62e0b1ac55","[3306463.84,3305279.36]","[3326447.68,3326528.32]","3305279.36","3306463.84","1184.4799999999814","2","observation-only"
"commonmark","parse","sparse-definitions","1024","profile-worker-wall-ms-per-call","","d1cb33bf9ae0a44c9898ab7c5520e2d725671ec89e481c07b272dd62e0b1ac55","[0.4888357884615387,0.49581689423076863]","[0.5125318125000007,0.5088181826923079]","0.4888357884615387","0.49581689423076863","0.006981105769229945","2","observation-only"
"commonmark","parse","sparse-definitions","1024","sampled-allocation-bytes-per-call","","d1cb33bf9ae0a44c9898ab7c5520e2d725671ec89e481c07b272dd62e0b1ac55","[1374197.6,1377501.12]","[1370913.28,1374009.12]","1374197.6","1377501.12","3303.5200000000186","0","observation-only"
"carve","html","sparse-definitions","1024","profile-worker-wall-ms-per-call","direct","d1cb33bf9ae0a44c9898ab7c5520e2d725671ec89e481c07b272dd62e0b1ac55","[1.0080373660714284,1.0613160729166655]","[0.8800924140624993,0.9245654910714275]","1.0080373660714284","1.0613160729166655","0.05327870684523717","0","observation-only"
"carve","html","sparse-definitions","1024","sampled-allocation-bytes-per-call","direct","d1cb33bf9ae0a44c9898ab7c5520e2d725671ec89e481c07b272dd62e0b1ac55","[1144789.44,1155413.28]","[1129687.36,1136830.88]","1144789.44","1155413.28","10623.840000000084","0","observation-only"
"djot","html","sparse-definitions","1024","profile-worker-wall-ms-per-call","","d1cb33bf9ae0a44c9898ab7c5520e2d725671ec89e481c07b272dd62e0b1ac55","[3.5831921250000036,3.6694478124999996]","[3.4960670625000034,3.292637499999998]","3.5831921250000036","3.6694478124999996","0.08625568749999601","0","observation-only"
"djot","html","sparse-definitions","1024","sampled-allocation-bytes-per-call","","d1cb33bf9ae0a44c9898ab7c5520e2d725671ec89e481c07b272dd62e0b1ac55","[2909615.52,2881235.36]","[2893366.24,2901390.24]","2881235.36","2909615.52","28380.16000000015","0","observation-only"
"commonmark","html","sparse-definitions","1024","profile-worker-wall-ms-per-call","","d1cb33bf9ae0a44c9898ab7c5520e2d725671ec89e481c07b272dd62e0b1ac55","[0.7127011111111111,0.7169981458333337]","[0.748544131944445,0.7502349305555561]","0.7127011111111111","0.7169981458333337","0.004297034722222537","2","observation-only"
"commonmark","html","sparse-definitions","1024","sampled-allocation-bytes-per-call","","d1cb33bf9ae0a44c9898ab7c5520e2d725671ec89e481c07b272dd62e0b1ac55","[1690297.6,1709853.12]","[1702412.96,1714593.92]","1690297.6","1709853.12","19555.52000000002","1","observation-only"
"carve","direct-html-probe","sparse-definitions","1024","profile-worker-wall-ms-per-call","direct","d1cb33bf9ae0a44c9898ab7c5520e2d725671ec89e481c07b272dd62e0b1ac55","[1.0047726874999998,1.053006312499998]","[0.8786205078125011,0.8791001484374998]","1.0047726874999998","1.053006312499998","0.04823362499999817","0","observation-only"
"carve","direct-html-probe","sparse-definitions","1024","sampled-allocation-bytes-per-call","direct","d1cb33bf9ae0a44c9898ab7c5520e2d725671ec89e481c07b272dd62e0b1ac55","[1140887.04,1133483.2]","[1147144.48,1134424.16]","1133483.2","1140887.04","7403.840000000084","1","observation-only"
"carve","parse","dense-definitions","256","profile-worker-wall-ms-per-call","ast","8c150fa73af6a3c26f3959db03e1ad70e527cb53e56ee83245e0755f80becd31","[4.9200864375,4.742982593750003]","[4.446221281249997,4.302203999999996]","4.742982593750003","4.9200864375","0.17710384374999677","0","observation-only"
"carve","parse","dense-definitions","256","sampled-allocation-bytes-per-call","ast","8c150fa73af6a3c26f3959db03e1ad70e527cb53e56ee83245e0755f80becd31","[3073444.8,3055116.96]","[3065429.28,3066344.96]","3055116.96","3073444.8","18327.83999999985","0","observation-only"
"carve-no-positions","parse","dense-definitions","256","profile-worker-wall-ms-per-call","ast","8c150fa73af6a3c26f3959db03e1ad70e527cb53e56ee83245e0755f80becd31","[5.51137384375,5.448116624999997]","[5.097175531250002,5.0257850312500025]","5.448116624999997","5.51137384375","0.06325721875000312","0","observation-only"
"carve-no-positions","parse","dense-definitions","256","sampled-allocation-bytes-per-call","ast","8c150fa73af6a3c26f3959db03e1ad70e527cb53e56ee83245e0755f80becd31","[3603112.32,3619695.68]","[3623224.64,3599709.6]","3603112.32","3619695.68","16583.360000000335","1","observation-only"
"djot","parse","dense-definitions","256","profile-worker-wall-ms-per-call","","8c150fa73af6a3c26f3959db03e1ad70e527cb53e56ee83245e0755f80becd31","[2.2548036041666677,2.3599029791666672]","[2.194243729166665,2.2133084375000016]","2.2548036041666677","2.3599029791666672","0.10509937499999955","0","observation-only"
"djot","parse","dense-definitions","256","sampled-allocation-bytes-per-call","","8c150fa73af6a3c26f3959db03e1ad70e527cb53e56ee83245e0755f80becd31","[1810994.4,1850609.28]","[1839955.68,1841182.08]","1810994.4","1850609.28","39614.88000000012","0","observation-only"
"djot-positions","parse","dense-definitions","256","profile-worker-wall-ms-per-call","","8c150fa73af6a3c26f3959db03e1ad70e527cb53e56ee83245e0755f80becd31","[3.22321771875,2.8611609791666672]","[2.740476229166665,2.876791958333333]","2.8611609791666672","3.22321771875","0.36205673958333273","0","observation-only"
"djot-positions","parse","dense-definitions","256","sampled-allocation-bytes-per-call","","8c150fa73af6a3c26f3959db03e1ad70e527cb53e56ee83245e0755f80becd31","[2331049.44,2347642.08]","[2395908.8,2324294.4]","2331049.44","2347642.08","16592.64000000013","1","observation-only"
"commonmark","parse","dense-definitions","256","profile-worker-wall-ms-per-call","","8c150fa73af6a3c26f3959db03e1ad70e527cb53e56ee83245e0755f80becd31","[0.7201599305555564,0.7289557777777773]","[0.69031906875,0.7156533402777777]","0.7201599305555564","0.7289557777777773","0.008795847222220932","0","observation-only"
"commonmark","parse","dense-definitions","256","sampled-allocation-bytes-per-call","","8c150fa73af6a3c26f3959db03e1ad70e527cb53e56ee83245e0755f80becd31","[1068907.52,1058457.6]","[1053303.04,1066963.04]","1058457.6","1068907.52","10449.919999999925","0","observation-only"
"carve","html","dense-definitions","256","profile-worker-wall-ms-per-call","ast","8c150fa73af6a3c26f3959db03e1ad70e527cb53e56ee83245e0755f80becd31","[6.885637062499995,7.0966590000000025]","[5.113802531250002,5.37516734375]","6.885637062499995","7.0966590000000025","0.21102193750000708","0","observation-only"
"carve","html","dense-definitions","256","sampled-allocation-bytes-per-call","ast","8c150fa73af6a3c26f3959db03e1ad70e527cb53e56ee83245e0755f80becd31","[4352916.48,4405884]","[4187333.44,4432823.84]","4352916.48","4405884","52967.51999999955","1","observation-only"
"djot","html","dense-definitions","256","profile-worker-wall-ms-per-call","","8c150fa73af6a3c26f3959db03e1ad70e527cb53e56ee83245e0755f80becd31","[2.6029272708333338,2.520817604166666]","[2.436808625,2.434125416666665]","2.520817604166666","2.6029272708333338","0.08210966666666764","0","observation-only"
"djot","html","dense-definitions","256","sampled-allocation-bytes-per-call","","8c150fa73af6a3c26f3959db03e1ad70e527cb53e56ee83245e0755f80becd31","[2034814.24,2032198.88]","[2039275.2,2025236.16]","2032198.88","2034814.24","2615.3600000001024","1","observation-only"
"commonmark","html","dense-definitions","256","profile-worker-wall-ms-per-call","","8c150fa73af6a3c26f3959db03e1ad70e527cb53e56ee83245e0755f80becd31","[0.8114637656249997,0.8172771953124993]","[0.81241065625,0.8052034531249994]","0.8114637656249997","0.8172771953124993","0.005813429687499649","0","observation-only"
"commonmark","html","dense-definitions","256","sampled-allocation-bytes-per-call","","8c150fa73af6a3c26f3959db03e1ad70e527cb53e56ee83245e0755f80becd31","[1308275.84,1301826.88]","[1302718.24,1277596.48]","1301826.88","1308275.84","6448.960000000196","0","observation-only"
"carve","direct-html-probe","dense-definitions","256","profile-worker-wall-ms-per-call","ast","8c150fa73af6a3c26f3959db03e1ad70e527cb53e56ee83245e0755f80becd31","[0.07647719283536576,0.07661857164634152]","[0.07203336566091946,0.07054877879213474]","0.07647719283536576","0.07661857164634152","0.00014137881097575633","0","observation-only"
"carve","direct-html-probe","dense-definitions","256","sampled-allocation-bytes-per-call","ast","8c150fa73af6a3c26f3959db03e1ad70e527cb53e56ee83245e0755f80becd31","[67534.88,66384.64]","[67011.68,70793.76]","66384.64","67534.88","1150.2400000000052","1","observation-only"
"carve","parse","long-unicode","8192","profile-worker-wall-ms-per-call","ast","113b064c011e5809c0f603ba291abd3311c1f6a589e30b717cb905d29e809f5e","[0.8967932142857141,0.8933347410714286]","[0.8596358281250005,0.8846107109374994]","0.8933347410714286","0.8967932142857141","0.0034584732142854957","0","observation-only"
"carve","parse","long-unicode","8192","sampled-allocation-bytes-per-call","ast","113b064c011e5809c0f603ba291abd3311c1f6a589e30b717cb905d29e809f5e","[8056.48,8878.4]","[9221.6,9207.2]","8056.48","8878.4","821.9200000000001","2","observation-only"
"carve-no-positions","parse","long-unicode","8192","profile-worker-wall-ms-per-call","ast","113b064c011e5809c0f603ba291abd3311c1f6a589e30b717cb905d29e809f5e","[0.48365413461538453,0.4418810375000002]","[0.42373729583333336,0.4577060044642849]","0.4418810375000002","0.48365413461538453","0.04177309711538435","0","observation-only"
"carve-no-positions","parse","long-unicode","8192","sampled-allocation-bytes-per-call","ast","113b064c011e5809c0f603ba291abd3311c1f6a589e30b717cb905d29e809f5e","[8758.4,9824.32]","[9513.44,9428.96]","8758.4","9824.32","1065.92","0","observation-only"
"djot","parse","long-unicode","8192","profile-worker-wall-ms-per-call","","113b064c011e5809c0f603ba291abd3311c1f6a589e30b717cb905d29e809f5e","[0.27344416032608715,0.27375479619565213]","[0.2880007897727275,0.2877311392045453]","0.27344416032608715","0.27375479619565213","0.00031063586956497913","2","observation-only"
"djot","parse","long-unicode","8192","sampled-allocation-bytes-per-call","","113b064c011e5809c0f603ba291abd3311c1f6a589e30b717cb905d29e809f5e","[17087.52,16466.08]","[17652.64,18586.24]","16466.08","17087.52","621.4399999999987","2","observation-only"
"djot-positions","parse","long-unicode","8192","profile-worker-wall-ms-per-call","","113b064c011e5809c0f603ba291abd3311c1f6a589e30b717cb905d29e809f5e","[0.5693109943181814,0.584024028409091]","[0.5276963541666664,0.5476751614583334]","0.5693109943181814","0.584024028409091","0.014713034090909516","0","observation-only"
"djot-positions","parse","long-unicode","8192","sampled-allocation-bytes-per-call","","113b064c011e5809c0f603ba291abd3311c1f6a589e30b717cb905d29e809f5e","[292136.64,263394.08]","[288861.44,275807.36]","263394.08","292136.64","28742.559999999998","0","observation-only"
"commonmark","parse","long-unicode","8192","profile-worker-wall-ms-per-call","","113b064c011e5809c0f603ba291abd3311c1f6a589e30b717cb905d29e809f5e","[0.24594177163461511,0.23927822685185163]","[0.21762004525862083,0.2231895991379313]","0.23927822685185163","0.24594177163461511","0.006663544782763486","0","observation-only"
"commonmark","parse","long-unicode","8192","sampled-allocation-bytes-per-call","","113b064c011e5809c0f603ba291abd3311c1f6a589e30b717cb905d29e809f5e","[150469.6,149801.12]","[149724.96,150218.4]","149801.12","150469.6","668.4800000000105","0","observation-only"
"carve","html","long-unicode","8192","profile-worker-wall-ms-per-call","ast","113b064c011e5809c0f603ba291abd3311c1f6a589e30b717cb905d29e809f5e","[1.1021374583333337,1.097348125]","[1.0772204999999992,1.0429319062500007]","1.097348125","1.1021374583333337","0.004789333333333756","0","observation-only"
"carve","html","long-unicode","8192","sampled-allocation-bytes-per-call","ast","113b064c011e5809c0f603ba291abd3311c1f6a589e30b717cb905d29e809f5e","[21636.8,21815.52]","[21427.04,23430.56]","21636.8","21815.52","178.72000000000116","1","observation-only"
"djot","html","long-unicode","8192","profile-worker-wall-ms-per-call","","113b064c011e5809c0f603ba291abd3311c1f6a589e30b717cb905d29e809f5e","[0.3244097406249999,0.3248662812500001]","[0.3322003651315794,0.3374925460526321]","0.3244097406249999","0.3248662812500001","0.0004565406250002235","2","observation-only"
"djot","html","long-unicode","8192","sampled-allocation-bytes-per-call","","113b064c011e5809c0f603ba291abd3311c1f6a589e30b717cb905d29e809f5e","[19909.44,17061.6]","[18828.48,18458.24]","17061.6","19909.44","2847.84","0","observation-only"
"commonmark","html","long-unicode","8192","profile-worker-wall-ms-per-call","","113b064c011e5809c0f603ba291abd3311c1f6a589e30b717cb905d29e809f5e","[0.2910193011363634,0.29309391193181805]","[0.2637393385416666,0.2626519427083333]","0.2910193011363634","0.29309391193181805","0.002074610795454679","0","observation-only"
"commonmark","html","long-unicode","8192","sampled-allocation-bytes-per-call","","113b064c011e5809c0f603ba291abd3311c1f6a589e30b717cb905d29e809f5e","[149393.12,149712.48]","[150298.24,150545.12]","149393.12","149712.48","319.36000000001513","2","observation-only"
"carve","direct-html-probe","long-unicode","8192","profile-worker-wall-ms-per-call","ast","113b064c011e5809c0f603ba291abd3311c1f6a589e30b717cb905d29e809f5e","[0.000017943396910294617,0.000017897733292860703]","[0.000021155375439184383,0.000021268430995055526]","0.000017897733292860703","0.000017943396910294617","4.566361743391369e-8","2","observation-only"
"carve","direct-html-probe","long-unicode","8192","sampled-allocation-bytes-per-call","ast","113b064c011e5809c0f603ba291abd3311c1f6a589e30b717cb905d29e809f5e","[0,166.08]","[249.44,165.12]","0","166.08","166.08","1","observation-only"
"carve","parse","unicode-paragraphs","1024","profile-worker-wall-ms-per-call","ast","c63ce6cfa75389bbd6dc822e387178248458748162c865d4344dae066148214e","[3.7037172500000004,3.740385249999999]","[3.273846687499997,3.1478467812499993]","3.7037172500000004","3.740385249999999","0.03666799999999881","0","observation-only"
"carve","parse","unicode-paragraphs","1024","sampled-allocation-bytes-per-call","ast","c63ce6cfa75389bbd6dc822e387178248458748162c865d4344dae066148214e","[2171282.4,2182232.8]","[2167942.56,2160395.52]","2171282.4","2182232.8","10950.399999999907","0","observation-only"
"carve-no-positions","parse","unicode-paragraphs","1024","profile-worker-wall-ms-per-call","ast","c63ce6cfa75389bbd6dc822e387178248458748162c865d4344dae066148214e","[4.206317562500004,4.100925250000003]","[3.7489203124999975,3.648922218750002]","4.100925250000003","4.206317562500004","0.10539231250000114","0","observation-only"
"carve-no-positions","parse","unicode-paragraphs","1024","sampled-allocation-bytes-per-call","ast","c63ce6cfa75389bbd6dc822e387178248458748162c865d4344dae066148214e","[2355831.84,2374985.44]","[2368740.32,2355649.28]","2355831.84","2374985.44","19153.600000000093","0","observation-only"
"djot","parse","unicode-paragraphs","1024","profile-worker-wall-ms-per-call","","c63ce6cfa75389bbd6dc822e387178248458748162c865d4344dae066148214e","[3.137489125000002,2.7012134999999993]","[2.4651136666666673,2.4588124583333317]","2.7012134999999993","3.137489125000002","0.4362756250000026","0","observation-only"
"djot","parse","unicode-paragraphs","1024","sampled-allocation-bytes-per-call","","c63ce6cfa75389bbd6dc822e387178248458748162c865d4344dae066148214e","[2647867.36,2636143.84]","[2667809.92,2633919.36]","2636143.84","2647867.36","11723.520000000019","1","observation-only"
"djot-positions","parse","unicode-paragraphs","1024","profile-worker-wall-ms-per-call","","c63ce6cfa75389bbd6dc822e387178248458748162c865d4344dae066148214e","[3.8722634999999954,3.889688187499999]","[3.575690093749998,3.584794437500001]","3.8722634999999954","3.889688187499999","0.0174246875000037","0","observation-only"
"djot-positions","parse","unicode-paragraphs","1024","sampled-allocation-bytes-per-call","","c63ce6cfa75389bbd6dc822e387178248458748162c865d4344dae066148214e","[3354511.84,3369734.08]","[3373130.24,3357233.6]","3354511.84","3369734.08","15222.240000000224","1","observation-only"
"commonmark","parse","unicode-paragraphs","1024","profile-worker-wall-ms-per-call","","c63ce6cfa75389bbd6dc822e387178248458748162c865d4344dae066148214e","[0.5726555681818181,0.5861202670454543]","[0.5876075340909087,0.585964659090909]","0.5726555681818181","0.5861202670454543","0.013464698863636215","1","observation-only"
"commonmark","parse","unicode-paragraphs","1024","sampled-allocation-bytes-per-call","","c63ce6cfa75389bbd6dc822e387178248458748162c865d4344dae066148214e","[1396295.68,1416259.68]","[1405503.36,1388272.32]","1396295.68","1416259.68","19964","0","observation-only"
"carve","html","unicode-paragraphs","1024","profile-worker-wall-ms-per-call","ast","c63ce6cfa75389bbd6dc822e387178248458748162c865d4344dae066148214e","[6.498291249999994,6.364094500000007]","[4.830600687499999,4.71637596875]","6.364094500000007","6.498291249999994","0.13419674999998676","0","observation-only"
"carve","html","unicode-paragraphs","1024","sampled-allocation-bytes-per-call","ast","c63ce6cfa75389bbd6dc822e387178248458748162c865d4344dae066148214e","[3947016,3933548.16]","[3824305.44,3813742.08]","3933548.16","3947016","13467.839999999851","0","observation-only"
"djot","html","unicode-paragraphs","1024","profile-worker-wall-ms-per-call","","c63ce6cfa75389bbd6dc822e387178248458748162c865d4344dae066148214e","[3.4858897812499947,3.412832468749997]","[2.797227291666663,3.14644784375]","3.412832468749997","3.4858897812499947","0.0730573124999978","0","observation-only"
"djot","html","unicode-paragraphs","1024","sampled-allocation-bytes-per-call","","c63ce6cfa75389bbd6dc822e387178248458748162c865d4344dae066148214e","[2918551.2,2909412]","[2945356.96,2911562.88]","2909412","2918551.2","9139.200000000186","1","observation-only"
"commonmark","html","unicode-paragraphs","1024","profile-worker-wall-ms-per-call","","c63ce6cfa75389bbd6dc822e387178248458748162c865d4344dae066148214e","[0.812020515625,0.8198817031249996]","[0.8015510781249997,0.8083194843749988]","0.812020515625","0.8198817031249996","0.007861187499999645","0","observation-only"
"commonmark","html","unicode-paragraphs","1024","sampled-allocation-bytes-per-call","","c63ce6cfa75389bbd6dc822e387178248458748162c865d4344dae066148214e","[1726010.08,1734570.56]","[1732652.96,1715388]","1726010.08","1734570.56","8560.479999999981","0","observation-only"
"carve","direct-html-probe","unicode-paragraphs","1024","profile-worker-wall-ms-per-call","ast","c63ce6cfa75389bbd6dc822e387178248458748162c865d4344dae066148214e","[0.000018147984413065404,0.000018907851965354832]","[0.000020381626672514832,0.000020258976729788085]","0.000018147984413065404","0.000018907851965354832","7.598675522894279e-7","2","observation-only"
"carve","direct-html-probe","unicode-paragraphs","1024","sampled-allocation-bytes-per-call","ast","c63ce6cfa75389bbd6dc822e387178248458748162c865d4344dae066148214e","[248.32,166.08]","[414.72,0]","166.08","248.32","82.23999999999998","1","observation-only"
